id,y,x11,x12,x13,x14,x15,x21,x22,x31,x32,x33,x34,z1,z2
1,1,-0.297601144,-0.617484184,0.70816122,-0.137140434,-0.674517028,-0.269602645,-0.427125257,-0.521931772,-0.60148822,0.189593397,0.113701023,0.308413434,1
2,1,-0.78719757,-0.771335311,0.031617904,-0.879860017,-0.000588852,1.499373769,0.383335727,1.260687879,-0.637258349,-0.160900596,0.343525436,1.051840808,0
3,1,0.520188848,-1.337628745,-2.195613934,-0.251796662,-0.17367495,0.690153718,-0.623890187,-0.39928708,0.706424027,0.918141251,-0.065485452,0.926014059,1
4,0,-0.530501456,-1.151659821,-0.386454957,-1.248162175,-0.491632626,0.214355448,-0.259454894,-1.41526388,-1.653426333,-0.93158029,-1.455721658,0.2037394,0
5,1,1.487311471,0.231478968,0.285677115,-0.070240206,0.242564668,1.341037692,0.498897726,-1.650657775,0.468580279,-0.764027825,-0.471775578,-0.821674091,1
6,0,0.11953573,0.560370007,0.765768631,0.335215366,-0.129628916,-1.220553952,-0.822367696,-0.702893862,0.371568074,0.246976025,0.367039405,1.499438224,0
7,0,0.502349209,0.486335962,0.71665938,1.49849557,0.120180941,-0.759687715,-1.053595599,-1.022644133,0.055077131,0.406093045,-0.521741578,0.551833909,0
8,0,-0.854087897,-1.49132541,-1.873945235,-1.584846114,-1.722206443,2.262985107,1.071199142,1.434855452,1.404491573,1.547353969,1.698375999,-2.514881031,1
9,0,-0.828250691,-1.946686174,-1.359614707,-1.028004,-1.402116259,0.890018249,2.351219179,-0.727696328,0.10820636,-0.43161025,-0.940670751,-1.231808102,1
10,0,1.017007058,1.921760042,1.151347487,1.34403192,1.819743182,-0.359972274,-2.347983778,1.381706765,0.968874854,0.241085045,0.283376961,-0.915902692,1
11,1,0.581349284,1.064195875,-0.56077209,0.242607137,-0.756886852,0.590998087,-0.45196516,-0.853671893,-2.5087834,-0.79125094,-0.377893542,0.398850323,1
12,0,-1.661036461,-2.985106666,-1.813417624,-2.140593915,-1.896950907,-0.162014458,-0.470692414,1.156735352,0.169178795,-0.502141271,1.725897456,0.834507816,0
13,1,0.104809273,-1.326069339,-0.057426987,-0.44206738,-0.64498959,0.752206634,-0.019931347,0.764411149,1.116303929,0.978572498,1.345557188,0.035082843,0
14,0,-0.683101193,-1.426884402,0.048106146,0.039791477,-0.133839847,1.37230697,1.361024239,-0.837911747,0.040553636,-2.356374725,-0.906546372,1.273592358,0
15,1,1.195561391,-0.048625682,0.203167728,-0.420486543,0.754606427,-0.430553106,0.745077176,1.28291272,0.892588296,0.104046934,-0.354484276,-1.309500519,0
16,1,0.049864599,-0.66588846,-0.970392761,-0.047836249,0.201417335,0.932619262,-2.383803772,-0.611082114,-0.060988287,-0.125110912,-0.629089066,-0.558628922,1
17,1,0.383169407,1.128169099,0.28026911,0.332914257,0.516438087,0.764878036,0.979386521,-0.289688236,-0.022419063,-0.264762227,-0.683152868,-1.058365984,0
18,1,-0.223340032,0.158733667,0.231831095,1.02034148,0.062531412,0.627799687,-0.364336076,-0.896508792,0.063236606,-0.1996231,-0.155141984,-0.501314213,0
19,1,0.330529637,0.857539541,1.651233509,0.425419652,0.26888788,-0.071220342,1.700904831,1.116702004,1.902333401,1.204468052,0.257055073,1.402681678,0
20,1,-1.491535882,-0.780650162,-1.360086793,-0.690091441,-0.433122824,0.476052438,-0.915864721,-0.675882308,-0.479809215,0.569286775,1.052285795,-1.627901048,1
21,1,-0.189426482,-0.953192325,0.258462427,-0.428616038,-0.247578135,-0.731299801,-0.901009036,1.527094638,0.274825107,-0.583251298,2.808660507,0.636409808,0
22,0,-1.958030083,-1.913130326,-0.774377157,-1.486228536,-1.333675833,-1.12686113,-0.730450534,-1.88169747,-2.012719844,-1.071017827,-1.607575063,2.149661132,0
23,1,-0.247514119,0.183100875,-1.629319245,-1.098628767,0.335251474,1.762071862,1.258624892,-1.163851322,-0.363792224,0.028505797,-0.926568401,1.064398075,1
24,0,-1.057123227,-0.017943839,-1.799093471,-0.144842418,-0.796659549,-0.553653097,-1.209966051,-0.610989608,-0.284407238,-1.112913457,-0.833546677,0.529210908,0
25,0,0.511958363,-0.691968609,-0.289863808,0.200347894,0.035204886,-1.420267992,0.435025647,-0.972593149,0.322196442,0.697678014,-0.398381424,0.083728462,1
26,0,-0.072227257,0.256867393,0.865912114,0.231161047,0.128700745,-0.215548197,0.733366405,-0.524352979,0.759564582,-0.645019805,0.638262343,-0.946098631,0
27,1,-0.175920895,-0.0793489,-0.001023207,0.103076691,-0.810964878,-1.765035129,0.857903128,0.245711514,-0.71702815,0.259031217,0.669866126,-0.995375813,1
28,1,-0.465942159,-2.123050783,-1.143993767,-2.348930965,-1.503550688,0.862546191,1.636574121,0.478161059,-1.055524131,-0.233386524,-1.163042085,0.196369914,1
29,0,-0.508969462,-0.472845001,-0.065194679,-0.406837973,-0.630725985,0.35867248,-1.402147294,0.473286663,-0.729855753,0.259467999,-1.735414034,-1.589379265,1
30,0,-1.350659652,-0.734679749,-0.918059137,-0.425120891,-0.372213801,0.319744884,-0.236497542,-1.038707731,-0.816250787,0.623305564,-0.054459827,0.438162278,0
31,1,-1.025431966,-1.843948721,-2.46622172,-0.3439841,-0.845984573,0.477192088,0.433662475,-0.488394347,-0.036696715,2.228668206,0.402152461,0.825468347,1
32,0,-1.141037238,-0.563499259,-0.791210328,-0.619662091,-1.540713041,0.118221718,-0.16269506,0.761180983,-0.995849796,0.922132188,-1.404205172,-0.892799097,0
33,1,0.745306756,1.297885009,0.422902941,0.768676287,-0.25365598,-0.06798113,1.466231805,0.5197127,0.103780177,-0.004469551,-0.622321815,0.012767358,0
34,0,-0.328744174,-0.798927724,-0.879443994,-0.563699916,-0.329948879,0.324003405,-1.225070911,0.464168805,-0.848957516,-1.416252994,-1.624424039,-0.447821674,1
35,1,2.23002873,1.576716647,2.565772965,1.106859094,2.032017272,-1.065227629,1.233814817,-0.074095681,-1.023834445,-0.22506136,0.300266684,0.954389163,0
36,0,0.604222818,0.194216226,0.854450417,1.042113059,1.193862167,-1.258567325,-1.099884323,-0.995350305,0.542251091,0.655063749,0.171947114,0.265151233,1
37,0,-1.329678441,-0.109920347,-1.052088193,-0.677086197,0.497397916,0.876125373,-0.046587796,-0.270026174,0.533859904,1.223330007,0.766528868,-1.109625103,1
38,1,0.378107431,-0.110997794,-0.504678758,-1.033051718,0.300971156,-1.688563204,0.300726675,-0.858381024,-0.702193015,-0.661472664,0.28009492,-1.467830222,1
39,0,-0.506498916,-0.074109296,-1.070684535,-1.701118204,-0.666260373,-0.154907053,-0.03300742,-0.135708732,-0.133975955,-0.358517231,-0.028479756,0.039889846,1
40,0,-0.880873794,-1.657240081,-1.168560974,-1.68785129,-0.994375056,-0.571974863,-0.135954561,0.29934207,-1.226299635,0.523769337,0.576954244,0.839178528,0
41,0,-0.545943496,0.092680741,1.103642038,-0.849663058,-0.755055435,-1.508698261,0.520882592,-0.544613436,-1.100612615,-0.147304049,0.907455581,-0.191824991,1
42,0,0.177055188,0.812286386,0.340108206,0.578084437,0.399049366,0.068642885,-0.608892317,-0.434337168,0.216561204,-1.098124852,0.458313659,-0.403206382,1
43,0,0.216831534,-0.04904263,-0.004977851,-0.813163508,0.62767256,-1.531144885,-0.691894164,-3.274317113,-0.473839053,-1.704436478,-2.108468038,-0.128922669,1
44,0,-0.967338612,0.262542663,-0.266532474,-1.023771085,-0.40545669,1.022021006,-0.850720348,-1.20390112,-0.751151438,2.394111839,0.372556129,-0.977609536,0
45,1,0.340609447,0.662762692,-0.124597736,-0.477817505,0.120117834,1.888689436,-0.682803536,-0.563327827,1.222437597,0.04384509,-1.028045524,-1.000725064,0
46,0,0.130568455,-0.021588527,-0.248180838,0.35916195,-0.586703551,0.511665086,1.262794872,-0.580843058,0.329245467,-0.665276313,-0.39723664,-1.495172698,1
47,1,-0.607533058,0.277295608,0.374286699,0.092762377,0.450817697,0.345962214,-0.767188118,1.965213812,1.353333492,2.322383484,1.236559985,0.865723998,0
48,0,-1.219789428,-0.704791388,-0.900839138,-0.505132853,-1.722183015,0.263124721,-0.398301337,-1.490001376,-0.978079208,-2.158788377,0.642633089,0.861174199,1
49,0,-0.822615318,-1.72576195,-2.333780444,-0.646804727,-0.894562226,0.959749594,0.344002106,-0.935401676,-0.429899122,-0.812566151,-0.377049126,-1.277162728,0
50,1,0.24993228,-0.741859738,-0.638105251,-0.336485167,-0.678634128,-0.008567461,-1.784604275,1.118899961,-0.715313806,0.091800533,-1.514193313,1.314913575,1
51,1,-0.491321828,-0.821004821,-0.737996632,-0.585253842,0.160102413,0.44029982,3.049512334,1.112117471,2.053811635,0.053720526,0.562203499,-0.939864201,1
52,1,1.397000599,0.431590476,1.368763895,0.202971273,1.594828588,1.503828066,1.306470943,0.552475652,-1.073148407,1.107523996,-0.824041109,0.541183601,1
53,0,-1.212241699,-1.20854323,-0.22881469,-0.009524456,-0.026945975,-0.448210363,-1.21425692,-0.505145345,-0.77975442,-0.599893172,1.376558962,0.260849927,0
54,0,-0.728662063,-0.342644899,-0.792051338,-1.536138288,-0.643943019,-0.116404226,1.582068539,-1.183860898,-0.980686198,-1.281169717,-0.716863806,0.320264461,0
55,0,-1.496771973,-0.597169114,-1.210076244,-1.855369551,-2.04336499,-0.309177043,-0.012759642,0.844081458,1.024552378,0.88103833,0.354992349,-1.602779018,0
56,1,0.540077261,0.783397829,0.42072737,0.413273643,0.042292304,0.268904033,-0.877015017,-0.003839443,0.027782049,-0.029825682,-1.238003402,-0.903962995,0
57,0,0.842262107,-0.449623501,-0.746458374,0.484863547,-0.602274359,-0.441565861,0.223323656,-0.413234406,-1.9903855,-1.41730355,-0.127004082,0.381250816,0
58,1,-0.386083262,-0.98677696,-1.282266167,-2.272902526,-0.413887756,1.062529103,0.886238725,1.329053358,0.847286402,-0.067181646,0.158923917,0.076602089,1
59,0,-0.241113887,-0.547173062,-1.5703846,-0.015196696,-0.032550658,0.535708878,-0.391604281,0.264804699,-1.09123476,-0.961994412,-1.328657684,0.470266266,0
60,1,-0.180398187,0.1326649,-1.341546981,-0.436799103,0.058155845,-0.231996791,0.753376836,-0.308336239,0.111288331,0.50523742,1.351641735,0.434511983,0
61,1,0.778775419,1.459915891,0.344237238,0.87049367,1.11080122,0.367799894,0.176802217,-0.141451489,-1.213335897,0.85156955,-1.031223402,0.094062512,0
62,1,1.335095357,1.096242322,0.474916961,1.270606207,0.598799426,0.550041647,-0.432667434,1.257174673,1.405409124,0.494040188,2.011810434,1.126567969,0
63,1,0.532864853,0.358640111,0.349751258,0.617204131,-0.346120556,-0.556085297,-1.618701671,0.539203911,-0.519084026,0.155615802,-0.093037735,0.082159885,1
64,1,1.680394153,2.635988243,1.725989467,1.503296878,1.697667651,-0.686219712,-0.255607324,0.061563346,-2.331266241,0.771905358,-0.148634377,2.120922786,0
65,1,1.706481604,0.724933609,0.224175688,1.328747887,1.017948606,-0.521385161,-0.22542117,-0.307799945,-1.108998998,1.695995851,-0.339674316,0.025732239,1
66,0,-0.849900916,0.099695568,0.407307011,0.821959209,0.329518722,-1.100204179,-0.153283814,-0.960013809,-0.804896288,-0.668430816,-0.391288433,1.211819082,1
67,1,-0.069958735,0.289301216,0.164369729,1.001435029,0.077709691,-0.049384941,0.931753341,-0.70236846,1.137099349,1.992417555,-1.412524546,1.711689669,1
68,1,0.077897363,-0.086478735,-0.519029936,0.642867614,-0.213943498,1.028298646,-1.252766773,0.241856308,0.709676006,0.104194637,0.839596412,-0.944394947,0
69,0,-1.405459208,-1.729031904,-0.341692591,-0.547206664,-1.258145573,-0.413536471,-1.039645865,0.343549793,-0.995732063,-0.264574576,0.069724188,-0.777409734,1
70,1,1.794809087,1.007595825,1.034095029,0.737180444,1.588762482,0.273788012,1.065041106,-0.503213252,-1.237575676,-0.361591628,0.263203419,0.099313431,0
71,1,0.153042698,0.204060337,0.828420602,-0.237174247,0.167674799,-1.389204012,-1.611585408,0.216604224,-0.712632966,-1.501393335,0.44413973,1.063299616,1
72,1,0.258071157,1.875467438,0.678837181,0.873233662,0.485791718,0.981212017,-0.742924375,0.29743635,-1.382525992,0.723430502,0.115702034,-1.98596779,0
73,1,-1.133734447,-0.094410975,-0.233956883,-0.994929854,0.269418059,0.06216504,-2.890682602,-0.375556452,0.190503734,0.279857674,0.302113557,-1.19759433,1
74,0,-1.253764663,0.184855801,-0.393670411,-0.20004859,-0.187928035,-0.153093296,-0.412163414,0.079193428,-0.470343066,-0.670941202,-1.598430568,1.058337657,0
75,0,0.271445257,0.392351062,1.233866635,0.410973656,0.290532819,-2.776901482,-1.386571664,-0.252658904,0.258446362,0.06285881,-0.970873951,-0.343590371,0
76,0,-0.939536265,-0.28806905,0.427478233,0.294162833,-0.048055301,1.983290424,-0.171353342,-0.415631098,-0.445364733,-0.518825903,-0.980619057,0.801127599,1
77,0,-0.369176886,0.484905044,-0.265180357,-0.642378564,-0.128293318,-0.839720407,0.307979296,-0.979149029,-0.774862731,-0.695595361,-1.184261013,0.541460057,0
78,0,0.090463077,-0.692276311,0.420469886,-1.016921592,0.439810983,-1.653381694,-1.263670612,1.145453531,1.470933628,0.287713997,0.949923287,-0.856921652,0
79,1,0.384760664,-0.104261264,0.241057711,0.136708771,0.088127376,1.322445403,0.106926199,-0.087811963,0.37344612,-0.515995485,-0.724728373,-0.133148298,1
80,1,2.872205212,1.987135111,1.250820998,1.834563247,1.954321272,1.310483087,-0.614188593,-0.207002092,0.45493845,-0.741391153,1.559182168,-0.118935363,0
81,1,-0.366922959,-0.441381695,0.043711944,-0.408592895,-0.492436387,0.212086443,1.089251523,0.472428078,0.324284611,-0.022326087,0.210900466,-1.799107771,0
82,1,0.386517628,0.643418922,0.121223443,-0.350266265,0.120466586,0.900532218,-0.143661533,-0.777626833,-0.192060828,-0.050367118,-0.976472491,-0.707046258,1
83,1,0.240687466,0.471614897,1.510157997,0.920361554,0.248560719,-0.103982337,0.478735992,1.8551185,0.138424637,0.510465135,1.466122341,-0.587464793,1
84,0,-1.875463988,-1.908669443,-1.799258174,-2.340381215,-1.60155495,-1.510936029,-0.586839409,-1.161098251,-1.925071025,0.116602244,-0.202996392,0.056059816,1
85,1,1.822879578,1.525310512,-0.4262475,0.661482632,0.704774727,-0.409311557,-0.197493453,-0.515096219,-1.728007901,-0.580153367,1.056264772,-1.329674214,1
86,0,-1.867626683,-1.079783,-1.49641466,-0.786724821,-1.119572244,-0.43410471,-0.635306924,-1.707424807,0.988219988,0.258846836,-0.413706336,0.244374972,0
87,1,-1.46984043,-1.466285699,-1.93360728,-1.994763052,-1.362227584,0.593872239,1.32003713,-0.584980004,-0.245087549,-0.643910897,-0.214952933,0.70696626,1
88,1,0.295715519,-1.068567441,0.741995615,0.981696543,0.165274372,1.120453689,0.382209756,0.427352647,0.847070354,-0.285640445,0.635321215,0.227771929,0
89,1,0.833084539,0.912502585,1.00813472,1.645300832,1.518527966,2.51069223,1.627649696,0.387958318,0.220862152,0.64736503,-0.094536761,-0.823963071,1
90,1,0.190567298,0.169201199,-0.281655886,1.207684008,0.67372214,0.649077237,-0.222665314,2.342832767,1.262301714,1.544168979,0.368031062,0.103129003,0
91,0,-0.830818899,-1.259756884,-0.150699545,-1.069638117,-1.139768632,0.996570341,-0.046180609,0.2906107,-1.249724322,-0.114705757,-0.821747645,0.060745287,1
92,1,0.256932417,0.63773099,0.224243457,0.770490884,1.064448688,-0.974638898,-0.916310634,1.65432926,1.206193426,-1.09607499,-0.709293254,0.690372521,1
93,0,-0.593154629,-0.402286392,0.546224392,-0.648108062,0.001437316,-0.712482299,0.647115199,0.720951884,1.984744765,1.562337581,1.650045619,0.307496479,1
94,1,1.994762067,2.674186871,2.70867169,2.513018796,1.774979536,-0.93520179,-0.181629459,0.339696291,0.703366735,1.283440465,-0.479622058,1.742680305,0
95,1,0.467128871,0.020153283,-0.340619397,-0.390071621,0.46452767,-0.376225388,2.541515861,-0.343019505,-1.093714149,-0.697566095,-0.995338996,-0.223754279,0
96,1,0.837807471,0.921508851,1.316173943,1.048006054,0.995524452,0.029440104,0.470108293,1.056872216,-1.090896149,-1.210037833,0.648870861,-0.177032314,0
97,0,-0.471130029,-0.270661805,0.135689296,-0.383939497,0.289947683,2.075578058,0.662615602,-0.051724969,0.088442178,1.006246334,-0.068568648,-1.756880999,1
98,0,-1.069048371,-1.433747968,-2.140509671,-0.32562242,-1.158581782,-1.198346138,-0.987096127,0.439849127,0.25053201,-0.339504411,0.183160914,0.120461575,0
99,1,-0.314597176,-1.680014785,-1.402702644,-0.797194758,-0.589004682,0.859520802,0.632268186,-0.11589699,0.977463342,-0.495756103,0.200984508,0.409475313,1
100,1,0.712189178,0.470833307,-0.593751682,0.039967017,-0.107021945,1.024485526,-1.714546115,0.414796393,1.881809775,0.234860646,1.611058888,1.188036476,1
101,0,-1.237483953,-1.965290436,-0.755504236,-0.822322577,-0.625936637,0.426815227,-0.055658497,0.399997115,0.555349016,0.072831972,0.87719091,0.572275767,1
102,1,0.367811017,0.865707841,1.28912142,-0.563071277,0.527135782,-0.962830552,-0.601902823,0.255821582,-1.709488553,-1.699035079,-0.994199601,-1.902289137,1
103,1,0.305213658,0.404437314,-0.361938023,-0.62176932,0.571535704,-1.079746148,2.392235584,-0.587738377,1.305716932,0.466895892,0.667837341,-1.06367356,1
104,1,1.753492218,0.758842985,0.71821659,0.527018557,0.869873853,-0.228226367,1.07484282,0.380895204,-0.335863663,-0.805192569,0.740819756,1.112168119,0
105,1,-0.164897158,2.07943063,0.411986082,-0.306748392,0.194039052,-0.736785096,0.802036995,-0.040642596,0.328624002,-0.213825591,1.058494658,1.553472049,1
106,0,0.673796125,0.800520293,-0.526517483,0.179567519,-0.42337847,-0.501157908,0.528118016,0.239425457,-0.451223756,-1.088254177,0.883512625,0.068542425,1
107,0,-0.645772033,-0.841036885,-0.533389255,-1.062897546,-0.215731804,1.165812195,-1.546315286,-0.943464629,-0.288454578,-1.086115641,-0.56141796,0.240441371,0
108,0,-2.101142376,-3.107948677,-2.002734444,-1.462610745,-2.282476471,0.266968713,-0.963645139,-0.658523015,1.910181488,1.523305022,0.476188185,0.61316842,0
109,0,-0.948337058,0.296046367,-0.260521012,-0.32029807,0.150407863,1.740748224,-0.38569153,-1.775957803,-2.236885799,-2.013454523,-1.726633081,-1.116404471,0
110,0,1.395640951,1.930581398,0.294097116,0.297836716,0.669770356,-1.441383785,-2.023067647,-0.535588126,0.740135468,1.153473507,0.319240993,-0.303984842,1
111,1,-1.097608865,-1.232783487,-1.267506147,-2.141060692,-2.469391609,0.518492932,1.44883437,-0.025511369,-0.524620256,-0.103683673,0.988272633,0.759024307,0
112,1,-1.411082595,-0.662628372,-0.853300939,-1.252651094,-0.191072615,0.749746171,-0.428150012,-0.811688414,-0.108660101,-0.707234809,0.401392073,-0.560626066,0
113,1,0.797563198,0.388571117,1.079540881,0.223303265,0.867581534,-0.34060223,-0.101546551,-0.186606335,0.165478977,-0.702190064,0.416081495,1.050870231,1
114,0,-0.254366423,-1.393966937,-0.909091829,-1.073522162,-1.532566709,-1.563319343,-0.210586636,-0.236058294,0.249162142,-0.89940032,0.663084071,-0.694105864,1
115,1,0.710144729,-0.583279757,0.247600137,-0.093727364,0.153609675,0.452305227,0.203478814,-0.752907841,1.770804736,1.077637702,1.503544196,1.045531528,0
116,1,0.717311532,1.073466673,1.147684093,1.058916356,0.179166822,-0.723469173,0.708046947,0.080929433,0.680115514,0.350068875,0.382711328,0.359122204,0
117,0,0.135672439,0.46324206,0.69575724,-0.657866161,0.876565432,-0.451963133,-2.221527093,-0.509471297,0.190126967,0.614804905,1.091575131,-0.844767254,1
118,0,-0.669334628,-1.523838925,-1.653602815,-1.178373415,-1.146476239,0.032875971,0.577334757,0.448217416,1.000932129,0.664070552,1.423434013,0.243938955,0
119,0,0.073289417,-0.154943538,0.129751574,0.314434056,-0.376882211,0.490420907,-1.688881648,-0.814006613,0.210667708,0.659361953,-0.322799044,0.885315082,1
120,1,1.405927603,1.890475744,1.850361544,-0.000114843,0.961673395,-0.088077169,-0.100443355,0.767444663,0.09362277,0.587822694,0.27686228,0.725156715,0
121,1,-0.040784955,0.826272661,-0.982318246,-0.147362311,0.258256295,0.035024976,1.038236749,1.608065737,0.207938573,0.564183874,-0.008185239,1.512155155,0
122,1,0.479334423,1.250922408,0.792137679,0.428151943,0.522643439,0.587725889,-0.326787003,-0.350285868,-0.487596135,-1.552909971,-2.289417308,2.002393828,0
123,1,-0.512231712,0.747968253,0.247596495,0.71964395,1.533862979,1.147285907,0.499907938,-0.038240934,-0.345549736,-1.030299386,-1.245579405,0.103585024,0
124,0,-0.525036388,-2.167016479,-0.981027476,-1.268245359,-1.452210167,-0.178637646,1.7338122,1.139414328,0.651633858,0.492112698,0.791354436,1.9254205,0
125,1,-1.039914528,-1.006691237,-1.040200113,-0.420528272,-1.696984449,0.04733449,-1.228705122,0.710046278,1.812490081,-0.214923952,-0.937868908,1.140579535,1
126,1,2.641007864,0.80659062,1.084451759,0.735087583,0.671456348,0.454951602,-0.338566151,-0.303949987,0.462463714,1.018863433,0.076017087,1.017264368,0
127,0,-0.185258287,-0.031414413,-0.941190509,-0.413423895,-0.953226575,-0.700657416,-1.092789087,0.370752885,0.264278626,0.105902543,0.827942869,0.368044807,0
128,1,0.451916933,-0.180036419,0.758381008,-0.411070721,0.997464908,0.735408861,-0.670113964,-1.471823162,-1.287194113,-0.788579382,-0.304765867,0.998131848,0
129,1,0.532178143,0.756921315,-0.322325358,1.099155048,-0.233745652,-0.039035828,0.352230328,-1.972519868,-1.555569116,-0.851805,-1.278206091,0.642591197,0
130,1,-0.244943711,-0.363882544,0.436831245,0.419818884,0.098469571,-0.655390931,-0.162875391,-2.064413614,-0.998369591,-0.385285981,-1.025974687,1.741358318,1
131,0,-0.02366855,0.585522358,0.028111292,0.182371912,0.497243627,-0.519717305,-0.522174197,0.618375214,-0.762188367,-0.18541836,-0.396846005,-0.725602629,0
132,1,0.329352425,0.178695763,0.949175092,0.431234916,-0.875415737,-0.550214575,2.898111542,-0.377275095,-0.399751403,-0.136312699,0.256379476,0.171783251,0
133,1,-0.156413569,-0.424834032,-1.861744388,-1.352171418,-0.283711882,-1.451259281,0.14898301,0.384533377,-0.668127301,-1.110536748,0.789915348,-0.361282407,1
134,1,0.484134706,0.196618305,-0.438927742,-0.755853614,0.76798896,0.846199401,0.789607799,-1.821597488,-0.131602555,0.237528129,0.170201209,0.8877796,1
135,1,-0.52633523,-0.642291719,-0.485313569,-0.66930023,-0.474670163,-0.101656973,-0.098163674,-0.628432974,1.655406454,0.328575478,1.403312375,-0.786363949,0
136,0,1.270007228,1.209981396,1.180032506,0.215049206,0.174506436,-2.407939456,-1.475172265,-0.318693784,1.355062054,-0.10261317,-0.297105359,1.411632368,0
137,1,1.383612343,3.099766569,1.220449515,1.597263622,1.714246101,0.135045773,0.612384416,-0.205167162,-0.301066366,-0.416824959,0.202175503,1.707962782,1
138,1,-1.043218526,-0.511885728,-0.434962135,-0.534682244,-1.079186463,1.140025469,-0.110356952,1.21752298,0.43548895,0.2640496,1.188515719,1.693783205,1
139,1,0.422258853,-0.26476896,0.358941859,0.002660037,0.278945,1.496301903,0.224569627,-0.365340168,-0.212684775,0.131941396,-0.136607056,-0.327639678,0
140,1,0.606191909,-0.096187338,0.472995988,0.335534643,-0.185820816,0.303803656,0.912185755,-0.53447623,-0.219472409,-0.101953471,-1.367743104,-0.072815491,1
141,1,0.441721452,-0.471199294,0.109023177,0.897011679,-0.285415852,2.321959101,1.480173057,0.249301058,0.578171682,0.534570695,1.623041314,1.322878618,0
142,0,0.006390098,-1.137312984,-0.86627892,0.757223662,-1.468778053,0.932641984,-1.416823334,-0.729286224,1.734481304,-0.415730432,0.610279784,1.48125525,1
143,1,-0.123424071,-1.927703756,-1.111279433,-0.863553108,-1.03570698,3.367381404,0.938013626,-0.925640096,0.958201334,1.092301275,-1.227816845,0.191617424,1
144,1,1.785768055,1.725687894,1.166265154,2.459348125,2.123538974,0.415107002,-1.433893995,0.39539015,0.923214852,0.490648477,0.752891882,0.39698531,0
145,1,-0.924889557,-0.397912634,-0.462614284,-0.92534231,-0.808576095,0.757628059,0.186878268,0.991421021,-0.752904965,-0.173932448,0.453724125,0.342128488,1
146,1,-0.513684314,-0.895315577,-0.459311181,-0.908320201,-0.441842271,1.470455515,0.607556652,1.827460013,0.843425606,1.672644157,0.758714351,1.649281376,1
147,0,-2.401332752,-1.836480087,-1.744753301,-1.871484234,-2.101868084,0.344616582,-0.504211291,0.508542353,1.913349491,0.286340591,0.656498627,2.303716363,1
148,1,-0.58674438,0.01658758,-0.831395082,0.153091287,0.859872464,0.59888519,0.80942858,0.005434721,0.515858055,-0.198238916,-0.087485622,-0.998049251,0
149,1,0.002784905,-0.395891713,0.016002366,0.155718154,0.428982537,1.196184729,-0.704270984,-1.187232718,-0.581320795,0.158844715,0.956892799,0.191280708,1
150,1,0.296065602,-0.05548501,0.584459416,-0.049751006,0.244962114,-0.057936098,0.643266153,-2.043156514,-1.444867611,-0.303962679,-1.225228017,0.541903051,0
151,1,0.147177846,0.59806314,0.761146488,0.593582203,0.451427534,-1.232124794,-0.561311832,0.35936899,-0.920203279,-0.978797618,-1.705587141,-0.886604563,1
152,1,1.570232723,1.100379304,-0.002126658,1.237385411,0.828294753,-0.379704672,-1.382803613,-1.51426877,-0.917790854,-0.671923218,-1.58834235,0.780379403,0
153,1,-0.046107612,0.401701729,0.26995764,0.356558424,0.437653633,1.989644007,-0.686261965,-1.137265305,0.302127889,-2.308268474,-1.046849495,0.547208989,0
154,0,-1.649183489,-0.29563065,-0.526112319,-0.227328259,-0.668487404,-0.590287159,-0.045373175,-1.552012783,-0.958937848,-1.055336925,0.320411532,-1.479280148,0
155,1,-0.244821108,0.058539864,0.494524729,0.289344725,-0.172236071,-0.739493929,-1.346656299,-0.061419476,0.112283735,1.548745821,-0.434818456,1.22787547,1
156,1,1.48401368,0.272380535,-0.766086768,-0.049881007,1.527711318,0.77288371,0.461282188,-0.840012081,0.020722555,0.976083618,-0.748046384,0.495603988,1
157,0,-1.117644477,-1.279335752,-0.66020451,-1.259577237,-1.277633696,0.227993585,-0.257373847,1.212949851,1.759867982,0.405021939,1.311887957,1.085330645,1
158,1,0.257947657,-0.400658605,0.191820697,0.015132612,-0.283022877,0.677465912,0.852187668,-0.124086143,1.033625916,1.090174336,-0.118984115,0.12876304,0
159,1,0.07885481,-1.005215805,-1.140404178,-0.459990957,-0.496330538,0.465996797,1.408825345,-0.169816006,-0.415273402,-1.107466398,-1.236330954,-0.520514662,1
160,0,-0.391656815,0.922684182,-0.288488125,0.573504442,1.341942479,-1.654955966,-1.112578516,0.596040402,-0.025998158,0.202690224,0.037096444,-2.176130545,0
161,0,0.021877107,-0.863265888,-0.382789741,-0.180114817,-0.129631683,-1.432787308,-0.538581339,0.709901472,0.933637729,0.998110599,1.516245986,0.469328007,0
162,0,0.029049395,1.018437866,-0.053132384,0.614217407,0.567268189,-0.540586425,-1.405802418,0.826857733,0.921555517,0.822292838,1.138654712,-0.322054932,1
163,1,0.907321163,0.464806016,0.770048988,0.496421953,0.335874371,-0.034976519,-1.008571442,0.258332802,0.514115035,-0.074729198,-1.585449779,0.745780797,1
164,1,-1.523955991,-1.7160326,-1.404967774,-0.645173852,-2.008186529,-0.945800368,-0.6360795,0.125973567,-0.112838482,-0.609140857,0.033522064,0.882297169,0
165,0,0.451743898,-0.114504496,-0.028642204,-1.079175236,-0.42410668,-0.060472146,-2.157265242,0.578127638,0.173690971,0.83912142,0.374236003,1.175013726,0
166,1,-0.617936957,0.605710286,-0.925325944,-0.162905741,0.199499338,2.296721764,0.013465893,-0.250409913,1.615585789,0.917299262,1.006402421,0.232957629,0
167,0,-0.167263763,1.007916126,0.553144632,-0.714113464,-0.249791316,-1.741614953,-1.034140658,-0.872235009,-1.632512234,0.462479659,0.557211051,0.268195042,1
168,1,-0.433894079,-0.547226341,-0.755033739,-0.892129078,-0.698686105,-0.176617308,1.492763253,0.965646794,-0.245006132,0.318562163,-0.531857078,-0.128293955,0
169,1,0.699095682,-0.234661301,-0.377907657,0.898264885,1.068612588,0.89467063,-0.194647935,-0.327334487,-0.005634231,1.232144741,-0.108525779,-0.279409685,1
170,1,1.215638505,1.295199439,2.047309497,0.711210532,1.946395132,-0.057207587,0.467583424,-0.523045771,0.094357549,-0.223560086,-0.820852075,-0.77878189,0
171,1,0.225512836,0.413620769,-0.024453361,-0.402186888,0.043784849,0.572611743,-0.810197086,1.198774178,0.229336489,0.811110766,2.232626852,0.539163928,0
172,0,-0.755724898,-2.348457646,-1.308467894,-1.099804694,-0.56208598,1.2686885,-0.682216212,-0.714257089,-1.025500348,-2.124937301,-0.253054351,0.185747497,0
173,0,-3.479866599,-1.840631278,-2.972084757,-2.569119444,-3.308841464,-0.666500914,-0.554799121,0.148940247,0.235915435,1.249186899,0.240978937,-0.634124754,0
174,0,0.152396423,0.284421397,0.039275577,0.349119023,-0.508527551,-0.556270089,-0.888853602,-0.543822751,1.041492454,-0.266903229,0.546159612,-1.621084289,1
175,0,-1.687614833,-2.489996208,-1.162172859,-1.517686119,-2.237883816,0.842678382,0.728047685,0.408000872,1.506438737,0.179892175,0.491010574,-1.440526771,1
176,1,0.691257442,-0.404155373,1.051877723,0.864909385,0.32155052,0.477363091,-0.31924079,0.16505235,1.223845373,0.406645767,-0.055797987,1.07735321,0
177,1,2.145305425,1.30369946,0.853848243,1.906967728,2.625505939,-0.022721536,2.192515266,1.738368283,1.732654232,0.38996057,0.588222647,-0.008896364,1
178,1,1.326850955,-0.708627125,0.747420268,-0.016712089,0.353896203,0.40888354,1.006205901,-0.734122287,-2.086011023,-1.05994226,-0.246472117,-0.117359794,1
179,0,-1.605879171,-1.278446608,-1.219342663,-1.207429714,-1.69469517,-1.057879686,1.104010327,-0.87082643,-0.463581629,-1.572022371,-0.604287901,-0.304756347,1
180,1,0.367523642,0.118569543,0.090039028,-1.332784836,0.252342074,0.64392828,1.248231039,0.48330014,-1.111839911,-1.815505819,-1.267897283,-1.323455189,0
181,1,1.408091801,0.696778547,0.8467971,0.43385578,1.444759673,0.728309905,0.996425497,0.371213958,0.26670106,0.526494317,-0.07948428,1.17193444,1
182,0,0.023066311,0.022348424,0.087730566,-0.363420138,-0.129327372,0.044821382,-0.833278437,-0.455357133,-1.404472414,-2.24447932,0.002705424,-0.47614312,1
183,0,1.585547413,0.64824373,0.572169292,0.734014544,0.220605699,-1.094397697,-1.391937424,-0.454849252,0.375965245,0.594704086,0.975092494,1.310449751,0
184,1,-1.26955454,-0.04229967,-0.535327463,-1.037414607,-0.457476416,-0.1087049,-0.100997767,0.175204714,0.496991173,-0.59501069,-0.50223899,0.736871013,1
185,0,-0.183886341,0.295427259,-0.031278328,0.994765354,0.96846148,0.097981404,-0.555508716,0.24956974,0.519297592,0.417402572,-0.91305286,0.216179948,1
186,0,0.343913545,0.407311711,0.096127803,0.132519724,0.1853122,-1.054518638,-0.869296816,1.033400048,-0.348689313,0.908067475,0.791097017,0.095413497,0
187,0,-2.900355816,-2.29628025,-1.8129872,-1.167631108,-1.343105555,-0.767454279,2.192031617,-0.019284277,-0.721824387,-0.970579912,0.210129746,-1.380958668,1
188,0,-1.231368149,-0.93899352,-1.068646159,-1.175878223,-1.333705058,0.734863212,-1.154746238,-0.235511615,-2.008113833,0.070296669,-0.929355448,-0.065898422,1
189,0,-0.292509637,-0.259016618,-1.701676036,-0.082294571,-0.903280923,-0.796165912,-1.140247669,-0.682441073,0.142112663,-1.241847547,0.289238707,-0.099002712,0
190,0,1.903121884,0.361358814,0.610602697,1.14354368,1.023856199,-0.798938712,0.140690153,0.366124765,0.071374368,1.609306517,0.340423061,-1.692167706,0
191,1,0.653673813,1.154825465,0.449922303,1.47711032,1.22236322,1.441840117,0.960549698,-0.738266732,-1.562624043,-1.596759005,-0.182904099,0.014592672,1
192,1,-0.096480266,-0.596784659,0.355477765,0.042071543,-0.721293911,-0.148414733,0.098082818,-0.910479616,0.108116591,0.534956621,-1.203064293,0.379825834,0
193,1,-0.04702766,-0.698960949,-1.492880513,-0.379979276,-0.71757118,2.173939245,1.026089649,2.93496867,3.402829459,1.600815918,2.450592936,1.258974061,1
194,1,0.205267736,-0.79314864,-0.735538614,-0.196262973,-0.294765266,-0.571617386,0.300877792,-0.74483434,-0.787822633,-0.425038821,-1.586382053,-1.192237515,1
195,1,2.178329659,0.640412389,1.561789079,1.994554318,1.488955328,-0.8047643,-1.005799649,0.384918712,1.975413013,0.263985534,0.273567555,0.645084391,0
196,1,0.459090782,0.154006987,0.438807515,0.085415424,0.654843263,1.0497488,1.418424473,2.294270552,0.743500027,1.805764017,0.607759701,-0.341854041,0
197,1,0.05340874,0.848749931,1.055408126,0.658451587,0.047082345,0.683206151,1.052550286,-0.342297439,-0.788037687,-0.364304885,-0.40110661,0.042161722,0
198,1,1.772501307,1.8509773,1.468901848,2.133733393,2.631098688,-0.20404826,-0.479328406,-0.512876126,-1.03330042,0.625489218,0.668460725,0.628345467,0
199,0,-1.882294574,-2.370546917,-2.744945788,-2.193661874,-3.031835196,-1.517611527,0.450948379,0.936200488,1.805320343,-0.815421925,2.154758105,0.502795012,1
200,1,-0.050598955,0.922012609,0.672458759,1.062527467,1.41826026,0.531765987,0.545877883,0.258741904,-1.191006918,-0.163983112,-0.128452107,-0.652117747,1
201,1,0.846989908,0.717167075,0.48509243,0.017935088,0.231028388,1.232915003,-0.594433061,0.26963337,0.276474878,1.140519133,-0.224079814,1.003160372,1
202,1,-0.580247484,-0.578598195,0.037831974,-0.101258019,-0.919889604,1.278536311,0.857553334,0.116362039,0.436639613,-0.456871227,-1.248976996,0.43343456,1
203,0,-0.022572295,-1.057601719,-0.157652489,-0.410073365,-0.839175313,0.353601016,-0.091665725,-0.815260997,-0.315434498,-1.040813801,0.130282486,-0.548611551,0
204,1,-1.43473606,-1.441514274,-1.29651983,-2.377366935,-0.349698654,-1.300625298,0.203505471,0.13465003,1.207801816,1.180721564,0.720430367,0.455266286,1
205,0,-0.557101496,0.572576279,-0.420698478,-0.568135965,0.48245969,0.208561429,-0.880302956,-0.388820684,0.617097716,0.714607579,1.893443053,0.403496629,1
206,1,1.809619951,2.495876904,0.525581485,1.285651273,1.078004806,-0.035667952,1.560022594,-0.553718141,-0.695497776,-0.469622303,-0.009776159,1.355579068,1
207,1,-0.811236516,0.433896804,0.457867363,-0.312632329,0.85124529,0.949575752,-1.274487106,1.053867439,0.81547536,-0.242653826,0.742548384,-0.387190344,1
208,0,-0.839057639,-0.603421916,-1.289509665,-1.626629667,-1.24353053,-0.071126415,-1.286040559,-0.391801533,0.626771065,0.580049197,0.458666571,-1.291804848,0
209,1,1.690606441,2.178446319,0.97715075,1.886631866,2.149247485,2.57501249,0.504070457,1.494984998,1.677052484,1.216140003,1.54965098,1.046502438,1
210,1,0.030352891,0.286982438,-0.030685108,-0.68345395,0.160040444,2.854064492,-0.23053624,0.821741893,1.000628671,1.238879889,1.276481201,-0.807600692,0
211,1,1.583320715,2.200280533,0.903291632,1.406138865,1.367918109,-1.197627821,0.550434013,1.717076763,1.567363873,-0.069318368,1.097859328,-0.543891832,1
212,1,0.031997138,-0.191259657,-0.364123717,-0.713488288,0.699444331,-1.653720455,-0.835533034,1.674173898,-2.584456207,-0.044712087,-0.071934728,0.751509173,0
213,1,-0.164610221,-0.588436506,-1.077173581,-0.766525008,-0.82075244,-0.164485855,-0.685303769,-0.497326269,-0.543712794,0.156462639,-0.066276468,0.286127988,1
214,1,0.201768737,-0.370709144,0.91588195,0.272564839,0.53259301,-0.014859686,0.552288019,-0.353287648,0.432125741,0.261731123,-0.413443762,-0.580554342,1
215,1,-0.102051905,0.084098769,0.282110089,0.41818404,1.207989644,0.2154358,1.04218269,1.915145088,0.007719997,-0.992096403,0.514399898,-1.638425258,0
216,1,-1.26596507,-1.113982463,-0.314976904,0.077272614,-1.044888041,0.971966727,1.330711877,-0.943642718,0.128085154,-0.561166819,-1.050726093,-0.326125741,0
217,1,0.752341333,0.196569206,1.609860367,0.064350016,1.069115262,-1.051405843,-0.939778237,0.557738769,0.095073983,0.042586169,0.626118186,0.783602471,1
218,1,1.821261416,0.772635591,1.227641495,0.961934495,1.615783457,-1.235067534,-1.244240383,1.530609243,-0.592126627,2.140359487,0.096701271,0.484721395,0
219,1,1.362391445,-0.221018523,0.318769068,0.468864149,0.097492456,0.720622645,-0.108127915,0.563097298,0.624868458,-1.809697599,0.512663895,1.588253464,0
220,0,0.033025993,0.439757217,0.476167304,0.343650196,0.084758632,-0.207907545,-0.303130258,0.446054501,0.990717347,0.263628437,-0.213165832,1.403310566,1
221,0,-1.128154313,-1.134778293,-0.921394982,-1.937233307,-0.600325759,-0.628451834,-0.195035924,1.107012979,1.235714546,-0.025363049,0.592827385,0.513617235,1
222,1,-0.456342486,-0.468130914,-0.668981583,-0.971743806,0.748874793,0.690308584,0.540209216,0.431696222,-0.601155785,0.906543825,0.130561073,0.272358721,0
223,1,0.419590626,-0.112705973,0.177876439,-0.521854679,0.49222074,2.269683691,0.754612281,0.376801126,0.620425116,2.217286904,2.228042022,0.576298111,0
224,0,0.505283321,0.698000493,1.004771686,0.221044721,1.170708351,-0.949640852,-1.809065992,-1.17901313,0.461351874,-0.554308862,-0.89524152,0.800646607,1
225,1,-1.971843122,-2.039784849,-2.043391454,-1.128031845,-2.010223687,-0.10272361,-1.745937365,-0.65692049,-0.959414995,-2.038963543,-1.571969012,-0.852090928,0
226,0,-0.053493372,-0.087422382,-0.715510751,0.884212921,0.363219839,-1.447212402,-0.850945039,0.228342439,0.535496119,-0.880224917,-0.586970879,-0.510350139,0
227,0,-1.170522209,-0.693456804,-0.713906561,-0.941191502,0.443052571,-1.212111606,-0.540091824,-0.672010366,-1.883725704,0.462157619,-0.862481598,0.25000985,1
228,1,0.517820035,0.472130233,0.569926992,1.121466733,-0.45910568,-0.547373456,-0.564869446,-0.169327961,-0.153889083,0.87024583,-1.70599493,0.919453153,1
229,0,0.119702541,0.122465173,1.305785754,0.371053957,1.385504634,-0.694228368,-0.79886348,0.60531931,0.305348849,-0.112715862,0.200830287,0.566550791,0
230,1,-0.594528363,0.509806429,0.100207332,-0.195686256,-0.502526613,0.115177281,-0.343384286,-0.354256671,-0.534453209,-0.181249294,0.684364739,1.471361352,0
231,1,-1.052748497,-0.653431337,-0.898828273,-0.190080336,-1.393391119,0.484804162,1.104734697,0.493239627,1.017879865,0.18776358,0.245376637,-1.231996554,0
232,1,0.155402388,0.318873795,-0.061777766,-0.031339313,0.237244503,1.645263164,1.526481846,-1.300261035,-0.354808812,-1.348052081,-0.040089145,-0.262193457,1
233,1,-0.411512845,0.890611443,-0.153625503,0.064946702,0.607756319,-0.553971302,2.412311113,-0.163980004,-0.23724718,0.895751387,-0.086858263,0.636464429,1
234,1,0.995212216,-0.085899481,1.073427018,1.699926155,0.98302242,0.52041641,-0.110248212,0.798148278,0.391380892,-0.09777909,1.041163862,-2.179107196,0
235,1,0.038606215,-0.307836327,1.026456519,-0.209922962,-0.42898174,0.987308425,0.075570971,-0.029854076,-0.707669835,-0.618068592,0.410465062,0.986312866,0
236,1,-0.519805217,-1.066586003,-1.375643787,-0.805690079,-0.461853166,-0.649581756,-1.217028822,-0.322355496,0.451489342,0.341043666,0.767046017,-1.308678724,1
237,0,-0.683952674,-1.039386322,-0.470758041,0.200735544,-0.612421869,-0.197595879,-0.716222677,-0.582424998,-0.029497977,-0.352845416,-1.013202206,-0.930133878,1
238,1,-0.184707531,-0.434122965,-0.499010278,0.594000861,-0.37608534,0.199509876,0.597719481,0.495762231,0.173603674,0.128365754,0.875644579,0.30911644,0
239,1,0.398153414,-0.406424711,-0.098325804,-0.115989425,0.177155404,-1.402445289,0.188732307,1.275082079,1.372586394,1.279869923,2.291704592,1.077441537,1
240,1,1.028972285,1.252839877,0.746744351,0.353102107,0.67726847,-1.078113591,0.056806463,-1.073131591,-0.620811441,-0.711424721,-0.53467489,0.737044763,0
241,1,0.195828827,-0.117913273,-1.172420812,-0.10501274,-0.101980769,-1.733226775,2.163594057,1.930515708,1.342255944,0.667247061,1.221590106,1.435209074,1
242,0,1.990764377,1.523592329,1.812968727,2.559640444,2.027698761,-0.91933038,-0.625752995,0.422021125,0.504562354,0.666521303,1.59041309,-0.566909648,1
243,1,0.876192692,0.997229866,0.705943099,0.479258407,1.398062076,-0.676901697,-0.453407434,-2.163593341,-1.003766047,-1.510393764,-0.996289618,0.586442071,1
244,0,-0.425815476,-1.429899481,-1.46156937,-0.184949667,-0.746623968,0.035061059,-0.176419086,-1.14002542,-0.665902315,-0.94513136,0.095558634,-1.710512637,1
245,1,0.671837687,0.890224617,-0.41364602,0.59798648,0.150379967,-1.137920993,-0.316251845,0.596699878,0.389329409,0.857755033,0.599655668,0.326037215,1
246,1,0.850350329,0.565537442,0.437318523,0.978869891,0.822513012,-0.754863244,-0.402728094,-0.181410653,-0.492674987,0.071880811,-0.711991106,-2.082669661,0
247,0,-1.586713902,-1.93211121,-1.21450921,-0.896336124,-1.575612136,1.210015574,1.632591527,-0.301033489,0.074985129,-0.303250012,-0.17073998,-0.107899539,0
248,1,0.749941625,0.870636184,0.20738382,0.113564072,0.481035087,1.114595724,-0.859847505,1.285250268,1.303304131,0.597737569,0.642365285,0.548123021,1
249,1,-0.078016558,0.719032004,-0.274678843,-0.161410854,-0.457205388,0.719434393,-1.75183107,0.848343153,0.949784683,0.439029954,1.494671552,0.143390511,0
250,1,-1.088431993,-0.294477362,-1.218897369,-0.428976866,-1.296949078,-0.030623405,-0.256070203,0.435379832,0.113015726,0.424683696,0.251657532,-0.645452326,1
251,0,-1.289098459,-0.480008989,-0.488160528,-0.017033301,0.002558485,-0.657844206,-0.037355098,-0.432632337,0.503196987,-0.336572724,0.064387944,0.877488802,0
252,1,1.662017336,1.665517441,2.050332846,1.599232666,1.503103061,0.781281116,-0.722878915,1.188698669,1.306400041,0.459064613,-0.170874053,-1.615831325,1
253,1,0.388572135,0.019758266,-0.399444288,0.053235548,0.40634039,1.032500103,-1.281109114,-1.352372005,-2.139266977,-0.432708298,-0.785740077,0.45503552,0
254,0,-0.544355791,-1.546685659,-0.968445516,-0.087728453,-1.30235451,-0.395714785,1.031822528,-1.724847349,-1.913989308,-1.166338456,-0.754794201,-0.870894314,0
255,0,-1.421680297,-1.558793527,-0.55764936,-0.911747055,-1.053443029,-0.523892165,0.244058064,0.959471309,0.415428918,-1.465275136,0.832493271,1.077284575,1
256,0,0.03123313,0.954190744,0.033584175,-0.452022012,0.022519417,-0.06396135,-0.785343349,-1.016296736,0.749633034,-1.460617175,-0.172359789,1.025312097,0
257,1,-0.774291336,-0.530850807,-0.834542531,-1.026673025,0.300692649,0.205233112,0.570603002,0.32316223,-0.581319034,0.508393551,-0.867173558,0.073483304,0
258,1,0.590089744,0.456245069,1.259348642,0.082856136,0.422933021,0.690394918,-1.673914389,-0.738072965,-1.268422873,0.009893696,0.239152598,-1.401447154,1
259,0,-1.255884515,-0.721899977,-1.886454984,-0.61592665,-1.170491399,0.110556042,-2.846251083,0.683969414,0.017738226,0.744504497,1.033249493,-0.566509565,0
260,0,-0.559009184,-0.800007459,-0.258124688,-0.334063856,-0.285610356,0.604016054,1.241843874,-1.070158946,-0.776739739,-2.072200936,-1.1452708,0.273013517,1
261,0,-0.535797722,-1.003979678,-0.194464861,-0.822997055,-0.037781956,-1.846519319,-1.086994307,2.288850196,-0.027060137,-0.113378004,0.263847541,-0.590228645,1
262,1,-0.968943096,-1.356377492,-0.534324642,-0.653452334,-1.155019676,-0.563665702,0.305747009,-0.263414115,-0.315603816,-1.090731506,-0.186239226,1.153442705,1
263,1,0.535308577,0.712358539,0.586189443,-0.103559918,0.619472333,-0.053565203,-1.372130488,0.912094674,0.488602932,1.249453286,0.548520105,0.638309659,1
264,0,-1.115479048,-1.185234734,-0.783640441,-1.136639456,-0.046487649,-0.07524419,-2.06490156,-1.46419034,0.417744864,-1.216239498,-0.947143202,-0.106025755,1
265,1,-0.254944829,-0.160463614,1.006324531,-0.18912431,0.259231596,0.657682682,-1.559751879,-0.045391142,0.759919698,-0.047811264,-1.620532,1.095220102,1
266,1,0.239844539,-0.126945007,-0.097292359,0.849606866,0.442579614,-0.711780294,-0.87253176,1.016836141,0.187671879,0.257964668,-0.327318221,-1.191463933,1
267,1,1.556691112,1.391576969,1.697415703,1.240925507,0.948949777,1.538182476,0.775844224,0.651475761,-0.002686833,-0.858123758,0.441853282,-2.510364137,1
268,0,0.275429307,0.679176749,1.196256861,0.732742273,0.650427901,0.684039408,-0.811686005,-1.315635142,0.049690046,0.553276465,-0.066949733,-0.583439565,0
269,1,0.373536199,1.494504573,0.306249568,0.889220501,0.975532823,-0.521473955,0.698294271,-0.576570085,-2.30029311,-1.3426694,-0.081424719,-2.218558637,1
270,1,0.057715965,-0.257051212,-0.683390207,0.77364618,0.804054367,0.007581267,0.17860923,-0.229520329,0.578701713,0.276346894,0.886737449,0.112196502,0
271,1,1.25905929,0.236775605,0.186635985,1.481568519,-0.090897027,1.968048885,0.578600676,-0.13183124,0.37115769,1.362157821,1.309913787,0.44662081,1
272,1,-0.19128188,0.648896742,0.142186947,-0.234726243,-0.088726318,-0.375037328,0.309177732,0.187394595,-0.195177263,-1.536094022,-1.147632372,0.164169553,1
273,0,-0.543577845,0.288182823,-1.398202359,-0.835128819,-0.375480305,-0.266993338,-0.402777726,-0.624986171,0.122165512,-0.04008507,0.52853984,-0.151250355,1
274,1,1.908626533,2.31800708,2.049650444,1.709656082,2.188232058,-0.325308808,-1.17161005,1.10794478,0.444384508,1.329712601,0.538606001,-3.046459077,1
275,1,-0.397956284,0.010103315,-0.250185811,-0.087765041,-0.354654052,0.496552261,-0.387771672,-1.217176302,1.505441126,-0.810987247,-0.655133783,2.806683159,0
276,1,-0.544815686,0.313259823,0.643510114,-0.749285909,0.571428511,0.465916871,-0.223701475,-0.812139092,-0.34967673,0.033494597,-0.473257272,0.563663765,1
277,0,-1.500262189,-0.439133086,0.012218462,-1.25084293,-1.005297967,0.242997532,0.278242511,-0.335243914,0.056470039,-0.933585117,-0.362764355,-0.085078411,0
278,1,-0.228465704,-0.224345801,0.405511542,-1.204149407,-0.503944844,-0.233248078,1.545034316,0.197057113,-0.289773544,-0.120818008,0.046624202,0.761719166,0
279,1,1.118966189,1.437715777,1.381462461,0.707983603,0.683201392,-1.038485462,-0.050959849,0.92965956,-0.385355101,-0.683632596,-0.107317609,-0.37169022,1
280,0,-2.627242069,-0.950937508,-1.362902067,-1.938737527,-1.217215081,-1.460184234,0.646892431,-0.25158391,-0.313252612,0.087485246,0.389541059,-0.04085733,0
281,1,0.610416446,-0.368889227,0.030790747,-0.921231141,0.342243067,-0.68827131,-0.636332543,-1.469168755,-0.513775971,0.8700874,0.023975611,1.378892499,0
282,1,-0.720525323,-0.249448236,-0.120332818,0.002359214,-0.365129057,1.963381701,2.369678256,-1.016280108,-0.724928126,-1.349309871,-0.407462976,0.055957659,1
283,1,-0.172104239,-0.164158539,-0.553139133,-0.015825231,-1.004543674,-0.208359902,-0.250863147,1.120525319,0.965670936,-0.473274021,0.9652041,-0.430075368,0
284,0,-0.716759349,-1.246072204,-0.800731236,-1.704211548,-0.688675037,0.810525154,0.295306994,-0.969057613,-1.485547239,-0.70870424,-1.660281755,0.65116424,1
285,1,1.860083592,1.306172474,1.429000474,1.725307331,1.439299682,0.267283669,-1.135980565,2.283897527,2.578562463,2.763958097,2.749607011,0.206431945,1
286,1,0.339084274,0.572387413,0.16145377,-0.013554978,1.00414051,-2.028020436,0.198625554,0.858993221,0.146732745,0.237504364,-0.495468536,1.272396073,0
287,0,0.145634235,-0.392645452,-0.700109571,0.105637674,-0.160400682,-0.201310644,-1.118514499,-2.092115478,-1.290925174,-0.895092649,-0.712107026,-0.282971726,1
288,1,0.946914581,0.382592849,0.408227736,0.30238294,0.337942356,-1.967259364,-0.381080859,-1.406832895,-1.540243325,-1.390392521,-0.593467632,2.084547393,0
289,1,1.152307249,0.256891594,1.394799704,0.713386365,1.026117829,-1.950147365,-0.930833304,-0.804686551,-0.666366002,-0.442461305,-1.481357436,0.754948323,1
290,0,-2.085118784,-1.531207312,-2.322116731,-1.475778644,-1.856951395,0.394507599,-1.408104282,0.007595965,0.859627557,0.079550345,-0.143061732,-1.236534717,1
291,0,1.627066052,1.447594695,0.603269407,2.138094762,2.27674595,-0.691059302,-1.721223864,0.774371248,1.599772272,1.13812551,1.068374452,-1.467725716,1
292,1,0.864804267,0.47097203,-0.282306635,-0.293966661,0.792065443,2.339461587,0.34148542,-0.387284323,-0.609508354,-0.571935638,-0.668705534,-0.14808245,0
293,0,0.672150835,-0.305482964,0.602430079,0.920252911,1.585600227,-0.428523638,-0.723357452,-0.008076808,1.039547558,0.052470036,-0.468258062,-0.824368844,0
294,1,0.440010023,-0.238114951,0.357213271,-0.078925991,0.006762511,0.869749975,-0.505129298,-0.307313486,0.849796892,-0.180857654,0.991354172,-0.304328451,1
295,1,-0.076921511,-0.018856102,0.403971634,0.598179405,1.150453796,-0.863936996,-0.286934016,1.260638548,1.371715318,1.367222755,-0.397133273,-1.34419213,1
296,0,-0.791143043,-0.068110631,-0.233888804,0.216377347,-1.782920876,0.612007638,1.858187782,-1.122219346,-1.866128939,-1.340056637,-1.629825779,0.291317627,1
297,0,-2.474040459,-1.853703285,-2.218484377,-2.08870448,-2.385315888,-2.420449225,-0.450120191,1.864314914,2.092373024,1.007833864,0.955523436,-1.044379576,1
298,1,-0.130908799,0.17468753,-0.948063242,-0.703190024,-0.656353429,-0.378650215,-0.55384662,0.445517604,1.14333264,0.306003526,1.26307365,0.008278574,1
299,0,-2.255331957,-1.021609749,-1.109695467,-1.26928866,-2.492184671,-0.645586464,0.085491027,-0.424909369,-0.225057863,0.468012949,-0.629350813,0.159453498,0
300,1,0.286183418,-0.190899264,-0.679718042,-0.745870876,0.561708523,0.243047102,0.901959878,0.87558873,-0.072294059,1.132439587,0.86293951,0.34951108,1
301,1,-0.316301386,-0.835624089,0.003903317,0.075304448,0.294635123,-0.665064255,1.206600724,1.093722073,0.523205647,1.528903187,0.63926677,-0.051664674,1
302,1,0.219717127,-0.598985795,-0.535185948,-0.807158347,-1.259805472,-1.11533535,-0.405252958,1.499382564,0.42231163,0.868444861,-0.41745195,-0.060521427,0
303,1,-0.010635909,0.071951286,0.455573594,-0.702808341,0.682439648,-0.373638794,1.58954636,-1.389662113,-0.220351249,-1.547502453,-0.62673614,0.11735048,0
304,0,-0.390166804,-1.50271805,-0.540346868,-1.067282916,-0.631940872,-0.726535114,-0.427832713,-1.231728145,-1.00797886,-0.888840985,-1.066356674,1.183272634,0
305,1,-0.062771156,0.069081956,-0.177299541,-0.473599211,-0.16572153,1.302011348,-0.586504652,1.555478585,1.706647924,1.30389196,-0.660058193,-0.21925601,1
306,1,-0.193078421,0.875871079,0.444171032,0.409026679,-0.005363139,-0.442963076,-1.299979325,1.928812436,0.59902841,-0.154413877,-0.463547332,0.210113505,1
307,1,-1.172059867,0.092659867,-0.744004624,-0.576615597,0.585198293,-0.130962927,-0.627671484,-0.288438232,-0.402571347,-0.001985965,0.832197797,1.614058313,1
308,1,0.357482646,-0.557075542,-0.313092404,-0.592335254,-0.482302533,-0.356082295,0.895866426,-0.178433279,1.069458108,-0.222640306,0.626907811,1.410336669,0
309,0,-1.925192339,-1.597571452,-1.598881181,-1.359572265,-0.958826307,0.669671194,0.434167493,0.250899512,0.755356462,0.199097842,1.029079933,0.641360435,0
310,1,0.393652366,0.570413053,0.592368363,0.156710025,0.422320596,-0.518970718,-0.331048853,-2.125739696,-1.96131398,-0.798758711,-0.798210561,0.564937359,1
311,1,-0.408123045,-0.416031925,0.505544439,-0.810960417,-0.045651438,0.108601929,0.824498756,0.46400958,1.325528481,-0.025765749,1.025290352,0.109045565,0
312,1,1.107787456,0.43051639,0.690179912,-0.648722486,0.920350044,0.374673932,0.155796184,-0.879489691,-0.191865596,-0.337214966,-0.618021425,0.530077513,1
313,0,-0.145742142,-0.08104577,-0.266870451,-0.103926906,-0.020126804,-0.638263016,-0.329379898,0.548146342,0.111863001,0.77540229,1.284312234,1.138462997,0
314,1,1.835244333,0.175806137,1.018732656,1.27815069,1.448998892,-0.301883279,-0.205442719,0.912812165,1.344742945,1.30200986,1.022849034,0.831812707,0
315,1,0.596994793,0.664892469,0.739584791,1.418327601,0.800114967,-0.050241499,0.617639194,0.302418881,0.54703698,-0.086527923,0.436368509,0.338461529,1
316,1,1.403107041,0.79063471,1.721300569,0.83246175,0.774626046,0.22379751,0.750800966,0.224522256,0.369407239,-0.024280986,-0.131495726,0.309840635,0
317,1,1.628772165,1.00395367,1.251756195,1.683465749,1.805912359,1.052452445,1.284142611,1.922643954,2.183631943,1.783833437,1.290323095,-0.773190511,1
318,1,0.437708321,0.078368391,0.829563729,-0.211137919,-0.157886626,-0.703948144,0.424327658,-0.64721629,-1.128502953,-0.579621711,-0.29927638,1.573163497,1
319,1,1.093661028,0.642565217,1.305155514,0.894539573,0.496799536,0.973339454,-0.319073733,0.057996431,-0.382210906,1.326506864,0.433203181,0.892006191,1
320,1,0.391528957,1.719349654,1.368543046,1.762792192,1.551695207,-1.131105281,-0.650108459,1.42335668,0.073145741,-0.906263427,-1.478186498,-1.845938004,1
321,1,0.890250131,0.455557388,0.445485577,-0.487831264,0.43574602,1.049828849,1.254831217,-1.452351252,-0.375776918,-0.247671855,1.197510086,-0.981950266,1
322,1,-0.429788598,-0.719309875,-1.253593467,-0.828755545,-0.819463995,-0.255541014,0.496428735,0.642768276,1.332935464,1.800794647,1.463956418,0.544383859,1
323,0,0.572396536,1.792786737,0.943032408,1.373194833,1.409509739,-1.227487519,-0.96062213,-0.118037749,0.287350922,2.219009512,1.034137844,0.061324151,0
324,0,0.837789936,1.148637609,1.160498776,2.150050921,1.34582258,-1.204623214,0.79628714,-0.839993598,-1.809839052,-1.221383635,-1.674434192,-2.282605907,1
325,1,2.058513095,2.054036169,1.713342105,2.239297898,1.887078855,-0.892079025,-0.200661885,-0.756451419,-1.563427205,-1.240510111,-0.676556029,1.194073505,0
326,1,-0.94551455,-1.492938614,-1.831877763,-2.166248601,-1.497890495,1.452079155,0.462668759,-0.949969139,-0.659652587,0.199679345,-0.685534065,-0.137045914,1
327,0,-1.1371459,-1.213187802,-0.977908936,-0.427654746,-0.322247822,0.032890275,-0.158193775,1.272665654,1.871518247,1.087718494,0.414690637,0.420057961,1
328,0,-1.961295587,-0.834641103,-0.447016544,-0.427286465,-1.907195816,1.269667444,1.448749049,-0.225662961,0.699744857,1.573146136,0.466308314,2.252241785,0
329,0,-0.274235596,0.830723734,-0.332623986,-0.283104455,0.466237025,-0.104923451,-0.040687641,-1.870534079,-0.716026774,-0.520489533,-2.300955487,-0.628533376,0
330,1,0.808074691,0.367057818,-0.21559654,-0.213710741,0.505473174,0.08114801,1.126792805,-0.127405187,-0.40996531,0.657760935,1.585167879,0.62635185,0
331,1,2.304415211,1.308678726,2.102664541,2.08127641,2.128951949,1.092265324,1.17156807,-0.329336557,0.436646997,-0.067046888,0.016299687,-1.556561575,1
332,1,0.274105699,-0.162198324,1.333068095,0.823526341,1.202653625,0.953959558,1.462011588,0.451502317,-1.307834864,1.154882442,-0.504965839,-1.842448266,0
333,0,-1.889671122,-1.017202116,-1.069325676,-1.441024285,-1.135042078,-1.565454673,-0.516683734,-1.224299843,-1.129392907,-1.463294851,-1.732692567,1.221497551,0
334,0,-1.24673865,-1.694332617,-0.444543695,-1.251345358,-0.877978521,-0.820977775,1.181763368,-0.744369842,-0.847202317,0.518366234,0.161547246,-0.282351902,1
335,1,-1.025392359,-0.878177668,-1.591530064,-0.965980624,0.200186274,-1.470966423,0.314935237,1.029290563,1.765797133,1.419205473,1.074103577,-0.386438575,1
336,1,0.182923261,0.488032912,0.924732693,0.205458916,0.094203542,-2.485126562,-0.221843227,-0.288110248,-0.301133453,0.939191626,0.346079329,0.677949765,1
337,0,1.62722178,1.978833462,1.689221661,2.060262683,0.94025297,-1.285739969,0.055299334,0.824515563,0.982534015,-1.942958699,0.04029124,0.131475408,0
338,1,-0.785452723,0.004809664,-0.009324866,-0.596941317,0.13019464,-0.805778473,1.344993434,1.584956791,0.006009941,0.387239614,-0.239551041,0.206569257,1
339,1,0.204293391,-0.590188352,-1.231482627,-0.541058579,-0.714743535,-1.239879026,0.776022602,1.625101918,0.268317056,2.12837923,0.607886029,-0.814618734,1
340,0,1.256315768,1.237718143,1.102985617,1.639462927,0.920263222,-1.86308473,0.179524654,-0.423887922,1.91866795,-0.677341718,1.011114885,-0.319874647,1
341,1,0.514678874,0.136984743,0.553216923,-0.111919849,0.310310515,0.753815183,-0.204251297,-0.032147749,0.302571384,0.34436061,0.1923066,0.083873212,1
342,0,-1.992004849,-0.900459774,-1.580102786,-0.380482971,0.330704849,2.285262475,0.878434606,-0.334163867,-2.067821175,-0.177001698,0.424109744,0.316023934,1
343,0,-0.544090536,-0.928952686,-0.776051277,-0.427950255,-0.656087445,-0.25885513,0.315071248,-0.433153303,-0.946668638,0.575886437,0.998419487,1.140970531,1
344,0,1.688542276,0.727132491,1.536058634,1.338105622,1.19429977,-0.016465842,-0.422850141,-1.572231602,-0.752404827,-1.664161701,-2.786158984,-0.238093687,0
345,1,0.656333963,-0.52953789,-0.540693974,0.034003432,0.123216156,0.337725895,1.203441413,-0.327262672,-1.095772251,-1.265761529,-1.287743082,1.200068345,1
346,1,-0.596957656,-1.061960136,-0.31398167,-0.047479046,-0.473298095,0.698681117,0.136461034,1.263650984,-0.637296694,1.390000725,0.745288756,2.169542957,0
347,1,1.293682591,0.955129545,0.776648109,1.373136617,1.065800194,-0.128107445,-0.154127765,0.874481803,1.306471043,1.344840992,0.603127393,1.353698932,1
348,1,0.690880731,0.885841499,0.19852942,1.059112922,1.087317092,0.525916694,0.80794598,1.377578017,0.478913549,2.369229406,1.888424524,0.067605867,1
349,0,-0.694937758,-0.031235079,-0.193164532,-0.08747799,0.189251348,0.337647218,-1.129804095,-0.026588979,0.066255573,0.755733237,-0.682392613,0.22410867,0
350,1,0.387533353,0.332208519,1.248196031,0.664444663,-0.400558446,-0.204314179,0.045609148,1.87784289,0.39819123,2.012320233,1.311070039,0.035344957,1
351,0,0.951641528,0.558117735,1.300919534,0.377503645,0.096231455,0.031519857,-0.054370686,-0.731728927,-0.167106389,-1.557050955,-1.034527062,0.79523911,0
352,1,1.493540313,1.753287259,0.676854297,0.586235055,0.721491909,-0.424729404,1.033009455,1.800277008,1.376268011,-0.781360142,1.258791164,-0.016989043,1
353,1,0.49623367,-0.046560837,0.093383228,0.454617594,-0.193458071,-0.294960309,-0.003262937,-0.785552314,-0.762748507,0.090587694,-0.139546678,-0.178241813,1
354,1,0.162956794,-0.6246865,-0.806764639,-0.756064737,-1.284285154,-0.183923064,0.343547608,-0.089203518,-1.28821565,0.475947378,-0.49890755,-0.580948127,1
355,1,0.772834365,0.189265102,-0.827015488,0.013931985,-0.467826121,-0.699078155,-0.629565506,0.184896533,-0.675451441,-0.839065567,-0.653793442,0.128727228,1
356,1,-0.072270501,0.115527008,0.507412642,-0.480111687,0.089137287,-0.140806528,-0.191890237,0.135882867,1.270441456,2.066576041,0.193924052,-1.256030648,1
357,1,-0.734106853,-0.756246433,-0.759977694,-1.660084065,-1.024695025,0.000666788,1.014079785,1.346323818,0.802196901,1.520060679,0.990997212,-0.309491492,0
358,0,-1.516936438,-1.273547213,-1.884528706,-0.957260125,-1.412129576,-0.514534961,-1.243426975,1.273342334,-1.126679163,0.093661757,0.408953845,1.142463644,0
359,1,1.225848592,0.526490561,-0.327015313,0.484502562,-0.145789048,0.646200957,1.762406097,0.796048331,0.100332335,0.357196097,0.044070979,-0.709787818,0
360,1,0.588409885,-0.112360026,0.162606455,0.717605879,-0.421564222,0.917212887,0.684255333,1.579084435,0.548214304,0.295587028,0.291751484,-1.84012293,0
361,1,0.324132642,0.40249707,-0.826637649,0.110048041,0.467844186,1.145953889,1.091234943,1.330875488,1.197476834,0.921952848,1.719701674,0.476201464,1
362,0,-0.440344963,-0.639676367,-0.090269221,0.463045961,0.2614655,-0.21141506,-0.782598214,-1.054928892,-1.377654131,-0.699523588,-0.681652342,-1.438320602,0
363,1,0.052964237,0.392316084,0.347634677,-0.046808471,-0.936899156,0.904171929,0.969615559,-0.307347024,-0.690373478,-1.249009445,-0.629726088,0.231417963,1
364,1,-0.213761621,0.55486496,-0.005001415,0.626627336,0.707651603,0.198767987,0.16860852,-0.441301279,-0.416069565,1.570449157,0.577929515,-1.035088103,1
365,1,0.598119069,0.612070769,0.203787892,-0.139615211,0.029253199,-0.567866699,1.262502536,0.424884419,-1.2288077,-0.380256619,-1.166543741,0.475204774,1
366,0,-0.832771699,-0.102512594,0.150985274,0.329023207,0.413484548,-1.201017052,-0.268079232,0.659774283,1.632885629,0.382041796,1.179290631,-2.001024981,1
367,0,-1.543301809,-0.993180483,-1.726606731,-1.241657533,-0.536961575,0.331020858,0.067918431,0.159256462,-1.440839085,-1.246763672,0.622132221,1.354964107,0
368,0,0.998687347,-0.542626907,-0.185532377,0.485484973,-0.31210575,-1.393937226,-0.345817827,0.64477712,0.664017649,-1.013404911,0.376552017,-1.284947299,0
369,0,0.479842596,0.67174196,1.599730935,0.513717397,1.222553147,-0.197998346,-0.141782152,0.181435966,0.422886341,-0.020019538,-0.504130554,-0.209508527,1
370,1,0.52476754,0.631435475,1.289571013,0.623673615,1.159991563,0.372794621,2.280258391,-1.82109753,-2.8341914,-2.854648598,-2.144800263,1.233866985,1
371,1,-0.492627373,0.129685127,0.237637315,-0.033758579,-0.224956654,-0.658750002,0.093178788,0.85457148,0.016041142,0.482440151,0.17300848,0.191302677,0
372,1,-0.775762084,0.32148611,-0.441271248,-0.139346415,-0.44550417,-0.052924008,-0.487527675,-0.870805887,0.209910909,0.496870192,-0.772098976,0.297434693,0
373,0,-0.59733335,0.103062678,0.563492793,-0.194052023,-0.872021037,-2.071510275,0.842920845,-1.086124529,-0.794076641,-0.995539918,-0.733634576,0.940483469,0
374,0,-1.142265731,-1.27343134,-1.309178617,-1.132432475,-1.33737419,0.168240655,-0.247847931,0.408295958,-0.925463422,-0.217025704,-0.479006324,-0.517851328,1
375,0,-0.450009249,-0.933171747,-0.154653237,-0.996629171,0.039729667,0.027832871,-0.765558498,-0.129981415,1.969688045,-1.011497599,0.888511512,-0.883956156,0
376,1,2.502043099,1.24662459,1.903909648,2.379486796,2.019931565,-1.598744622,0.429732564,0.466382531,0.222443025,0.219461282,-0.476435659,0.627459952,1
377,1,1.01867422,-0.500164222,-0.291522171,0.26191028,0.240263728,-0.54463185,0.302462254,-0.618845082,-0.349947571,-0.177647656,-0.507748463,0.944980296,0
378,0,0.766174795,0.912239784,0.289446253,-0.35674601,-0.050030179,-0.382971711,0.23799341,-2.543753582,-1.692511599,-1.88861807,-1.098388774,-1.681632795,0
379,0,-0.229485986,-0.749543114,-0.166780958,-0.813448704,-0.177354208,-0.715033668,-0.608674864,-1.153551547,-0.074649905,0.630449158,0.510432985,-2.434294359,1
380,0,-1.93782021,-1.242637489,-2.186497806,-0.907333708,-1.577027671,0.079906097,-1.006189155,-0.246619103,1.437844209,0.047201456,0.28245937,-0.217297856,0
381,1,-0.885894006,-0.759300994,-0.766421774,-1.159675566,-0.875938621,0.061846323,0.280053111,0.571290266,0.018749578,1.141139546,1.363498491,-0.842548961,1
382,1,-0.289435604,-1.109550132,-0.965413481,-0.328557998,-0.032878209,-0.128101701,-0.987860351,0.110344705,0.383906727,-1.257077499,0.111063596,-0.316873864,1
383,0,-0.319029426,0.092459525,0.663896146,0.089238464,0.58580572,-0.461687279,2.197412438,-0.325315932,0.698593667,0.343199784,0.513739095,-0.043174282,0
384,0,0.402804628,0.964675072,1.301086441,0.232356286,1.686474698,-1.509475111,-0.618189454,-0.793479367,0.13710602,0.580654983,0.527540312,-2.450244157,0
385,0,-0.578429461,-0.306898059,0.149450744,-0.193261752,0.452189056,-0.751536798,-1.266172057,-0.860982714,0.399538131,-0.233442354,-2.194598348,0.380742588,1
386,1,-1.068014249,-0.349826511,-0.059865127,-0.100423182,-0.144010018,0.757897575,-0.087418308,1.127773821,1.47523625,-0.112934049,1.027385769,1.269802914,0
387,1,0.437631295,-0.208726719,-0.403374348,-0.89183803,0.015922767,-0.008445688,-0.618531638,-0.59842482,-0.716224795,-2.082231768,1.64111092,0.81860573,1
388,1,-1.380768569,-0.997735271,-0.314677408,-0.984857787,-0.394726471,1.05112939,1.644280204,-0.534271926,-0.39571761,-0.35543862,1.193604231,-0.245488128,1
389,0,-0.73590177,-1.407979371,-1.520904623,-1.358593101,-2.085341261,-2.505034107,-1.999858436,-0.957432788,-1.35020175,-0.829741434,-0.555833093,0.630534635,1
390,0,-0.403549817,-0.526524066,-0.733508598,-1.169501657,-0.299156562,1.040728369,-1.022733228,-0.843039707,-0.348783615,0.03405273,-0.958683289,-0.592638152,1
391,1,-0.196184531,0.796924087,0.803610316,-0.279081245,-0.288674919,-0.277163928,-1.077915598,-0.299674307,-1.39430362,-0.832113194,-1.771395189,-1.347496112,0
392,1,-0.211896466,0.043486001,0.49093339,-0.644580766,0.416400367,-0.609005224,2.026494344,0.414050975,-0.021095803,0.028241555,0.572208425,-1.03077413,0
393,1,1.312717263,-0.399837559,-0.115579569,0.020550005,0.29257526,-0.245768359,0.19346073,-1.390301336,-1.654992291,-2.929324545,-1.114969537,-0.952053677,0
394,1,-1.232833187,-0.390341956,-0.865703484,-0.829905091,-1.168890355,0.679057867,0.461906699,0.466329265,1.429188969,0.072320229,0.211610387,-0.50919266,1
395,0,1.318430176,1.397247665,1.633522065,0.915760989,1.496329651,-1.723923965,-1.424668031,1.385161601,1.896898191,1.037227902,2.339903731,-0.712505957,0
396,1,-0.261476272,-1.241816492,-0.319018428,0.026557539,0.027378042,0.216723948,0.497287956,0.919829481,0.52910835,2.108835879,0.490683512,-0.996066465,0
397,0,-0.496250989,1.127905994,0.709034841,-0.703661512,-0.226714106,-0.020181099,-1.407196833,-0.14473864,0.625356164,-0.222391258,-0.478595367,0.345391848,0
398,0,-0.834782291,-0.506480175,0.267959264,-0.656314422,-0.589701687,1.234265922,0.174591793,0.4188506,1.077055194,-0.056104752,0.376685225,-1.379201267,1
399,0,-0.014322254,-0.338896907,-0.858684754,1.032399635,-0.576723134,-2.020600681,-0.365151422,1.163757072,1.334282408,-1.571598894,-0.659001498,-1.250862378,0
400,1,-1.552327783,-1.056371092,-0.407215221,-0.745740185,-1.292432109,0.519558487,0.768699054,0.826649778,-0.174342034,1.517390914,0.442159297,-2.320915786,0
401,1,0.94738763,0.113785279,0.540433269,0.588363886,0.309864063,-0.522057205,-0.703075068,1.112987187,1.978196057,1.183856792,2.242962293,1.177266369,1
402,0,-1.333736822,-1.657064955,-1.604522867,-0.955377545,-1.942324841,0.395085645,-0.450104937,-1.009832138,-0.452489289,1.350357285,1.022969078,-0.387845559,0
403,0,-0.517239257,-0.958198902,-0.493012517,-0.20583866,0.239959876,-0.305529011,0.414587362,-1.143947114,0.628498329,-0.536090159,-1.122670935,0.211823144,0
404,1,-0.687715444,-0.244388738,0.032787917,0.297438653,-0.45724851,1.393558589,-0.502596917,-0.182097093,-1.631302307,-1.771602562,-2.534267211,-0.63709219,0
405,0,-1.702097557,-0.87046637,-1.629543758,-1.330879727,-1.175521909,1.394597924,0.24453081,0.890781093,0.839173697,-0.177746128,0.865484769,0.475193868,1
406,1,-0.151554797,0.180591399,-0.574746905,-0.199599034,0.264975833,-0.1594855,-0.48732163,-0.71041051,1.231704426,1.35860331,1.1670335,2.175492611,0
407,1,0.400038997,0.470147947,0.68950144,-0.119082264,0.259778838,3.399213451,0.433257802,0.117861221,0.644209174,0.153967218,-0.400379819,-0.545829986,0
408,1,-0.570152161,0.84345027,-0.903999204,-0.508765384,-0.446873463,-0.597016449,3.165342868,0.819793765,-0.964584959,0.936298771,1.204396952,-0.648741713,0
409,1,0.338549985,-0.920615108,-0.416103507,0.389877609,0.261289119,1.346762006,1.418445709,1.078121932,0.877589232,2.405728891,-0.914822675,0.272305787,0
410,0,0.435845617,1.180339926,1.241793185,0.713581153,0.820677232,-0.906770318,-0.771830296,-0.551745539,-0.81371697,0.488907166,-1.381812368,-0.643241554,0
411,1,-0.880849223,-0.657165553,0.043240013,-1.21295709,-1.279375989,1.823465672,2.185484571,-1.665171814,-2.318657618,-2.06504218,-0.28031625,-1.004965036,0
412,0,-0.59736268,-1.550765841,0.378615703,-0.264304609,0.293820497,0.384871319,0.56388386,1.258190681,1.132066473,1.494531669,1.227128995,-1.738692046,1
413,0,-0.89229689,-0.54668656,-0.610421372,-1.386879925,0.208555714,-0.156597881,-2.121521224,0.65689589,-0.747154797,0.435488906,0.32596136,1.345931738,0
414,1,1.139809158,0.525113606,0.155322336,1.244920884,0.43883722,1.340087502,0.138322052,-1.523267979,0.502715716,-0.232305278,-2.431428825,-1.482394301,0
415,0,-0.050074421,-0.227981092,-0.206290524,0.435527767,1.411211889,-1.339436367,0.739943468,1.316385937,0.405163611,-0.48243792,0.322519182,-1.836002025,0
416,1,-0.875191945,-0.846435991,0.20228554,0.290299769,-0.04306869,-1.44227558,0.854628405,-1.698656502,0.185343764,-1.748410152,-0.220990589,0.367857389,1
417,1,-0.000817127,-0.427510511,0.312016462,-0.6342269,0.220599774,-0.761837302,1.190439238,-0.154960085,-0.127988842,-0.86998821,-1.925908991,-0.040077313,0
418,1,1.635592693,0.838658198,0.137397311,0.347672004,0.997602048,-0.843738436,0.092307251,0.817290645,0.483407194,-0.509017106,-0.59963723,0.901013001,0
419,1,-0.161511139,-0.328270899,-0.345569345,0.737495498,-0.797400016,-0.43776182,0.572041475,1.761824673,0.443698291,2.084806,0.419362828,0.02486183,0
420,1,-0.290495177,0.107219439,0.230600624,1.169842825,-0.415436224,0.305751297,-0.321660715,-0.821439912,-2.217767782,-1.660384795,0.702579549,1.579185699,0
421,0,-0.313133205,-0.452522914,-0.547891732,-0.529739509,-0.287907563,0.872271736,1.513339305,0.822841723,-0.195064838,0.257235034,0.127841698,-1.924033755,0
422,1,0.485834123,1.575140037,1.100559785,2.092698921,0.914595907,-0.592583521,-1.582662726,-0.119550123,1.93155388,0.285622706,0.750932994,-0.110330264,1
423,1,-0.472424362,0.202074889,0.711479014,0.290378551,0.644438143,-0.829982987,-1.598192265,0.200368804,0.103787834,-0.546652179,-0.301702704,-0.029905248,1
424,0,0.372793047,0.945802089,0.468662471,0.541797019,1.112685022,-0.817611151,-0.081903297,-1.405702682,-0.68108529,-0.762833575,0.358659904,-0.215559364,0
425,0,0.446033744,0.21538222,0.400577009,0.483332804,-0.01601476,-0.402708,-1.408579149,-1.415365092,-1.002370925,-1.148020492,-0.454092824,-1.404158993,0
426,1,-0.215707625,1.394515024,0.120962491,0.926036725,0.969332469,2.395595443,1.405694139,1.470996598,1.87958332,0.819365767,2.085029276,-1.649815181,0
427,1,-0.170721027,-1.422975506,-0.09390683,-0.636427762,-0.733067568,-0.199818436,0.695933672,0.062242956,-1.224192009,0.795872771,-0.092132681,0.260498623,1
428,1,0.051265484,-0.002999286,-0.609666914,-0.887736606,-0.090273294,-0.405174817,-1.213477069,1.074308141,1.410435568,-0.054192295,-0.298987364,1.351248305,1
429,0,-1.75866974,-1.825343092,-0.745334785,-1.782208703,-1.716106296,-0.87819737,1.43119328,-0.195076489,-0.782042844,0.250812172,-0.556740832,-0.34413887,1
430,1,1.195791535,1.015487482,1.599774191,0.522235308,1.444038652,-0.408451532,2.670001094,0.044024185,0.379559611,-0.741824672,0.576273162,-0.802277511,1
431,1,-0.75482014,0.102531432,0.352021992,0.301469669,-1.17301021,-0.533719418,-2.09898242,1.272032952,0.88808283,0.992548047,-0.183765744,-0.092910626,1
432,1,-0.584247572,0.140226634,-0.753315235,-0.221384109,0.055344495,0.080393845,-0.62204042,0.926850859,0.619610786,1.488405324,0.256862689,-1.450030017,1
433,1,-0.442840481,-0.776684483,-0.209466129,0.227841695,0.107438549,-1.337314489,-2.069360297,2.117903729,1.794407774,2.506894312,2.620878291,2.107331074,0
434,1,0.891250297,0.742862186,1.026099627,0.905970731,1.03094436,0.570678048,-0.075681338,-1.613570218,-1.031559376,-0.749485799,-1.669181834,-0.379453499,1
435,0,0.551904323,0.342414622,0.53691206,-0.334584184,1.011953988,-0.430653876,0.068537336,-0.297361427,-1.009295969,-0.118766559,0.852615599,-1.444839708,0
436,0,-0.899924998,-0.048465999,0.139494796,-0.311365068,-0.033359782,-0.474998157,0.206790056,-0.736758875,0.804606788,-0.613495269,0.303416435,-0.150005116,0
437,0,-1.765530036,-0.694326993,0.335389773,-0.653434346,-0.261652089,0.327875465,0.567994738,-0.095930315,-0.205901136,-1.35246288,0.701546846,-1.60883796,0
438,0,0.438782545,-0.573902726,-1.380833549,-0.476750041,0.458659296,1.351510578,0.485806005,1.346083081,-0.33497497,0.264614639,-0.280120934,-1.17635948,1
439,1,1.045293872,0.17960238,1.220142474,0.678352682,0.549709119,0.149470088,0.933712966,0.264687356,-0.390596006,-0.646980204,-0.897257423,0.611196594,1
440,0,-1.271298008,-0.694190252,-0.693165493,-2.020757798,-1.781107816,0.346496684,2.277616408,-1.530220618,-1.537486588,0.128214482,0.323072211,-0.682084615,0
441,1,0.723793368,1.949139671,2.041096969,-0.111545137,1.118003418,-0.977328592,0.870372058,1.212257245,0.584567419,0.485278698,-0.325282106,-1.371189499,1
442,1,0.09307431,0.455578178,0.035785402,0.346812195,0.087572783,1.315108606,0.870232255,1.303901838,2.384110446,1.39293632,0.493207098,0.7732417,0
443,1,1.912124285,1.757407859,1.139311691,1.046423857,1.016977035,-0.372996223,0.418828366,0.966099829,0.209400846,0.304674567,1.042968455,-1.407694511,0
444,1,0.434626839,1.676964233,0.088453817,1.20164946,0.135202857,-0.265290919,0.182967265,0.325680374,1.264734387,0.961974049,0.32286782,-0.407393112,1
445,1,-0.527804946,-0.908123485,-0.133690825,0.22519496,-0.850481587,0.285573773,0.130035674,0.422007386,-0.086516758,1.560782724,0.562644316,-0.388085476,1
446,1,-1.19276162,-0.425346511,-0.627215566,-0.383358672,-1.118327059,0.022461207,0.747767055,0.971812301,-1.213772377,-0.451794561,-0.875313132,0.835080577,0
447,1,-0.170766372,-0.215128409,-0.116092556,0.687206736,-0.404517532,-0.706674095,-1.505972782,-0.623357561,0.164732096,0.387014074,-0.391036065,-0.015245409,1
448,0,-1.493568717,-0.65759341,-0.888948306,-1.413954762,-1.404400589,0.496003563,1.818944147,0.800903925,-0.716523721,-0.484962893,-0.274810156,-0.395176307,1
449,0,0.756379144,1.170468493,0.551567113,-0.004316322,-0.148268316,-2.160199169,-1.057280925,-0.675727563,-0.06788392,0.3803305,-0.323635058,0.399973145,0
450,0,-0.826096524,-0.801073929,-1.127770147,-0.535245546,-1.164682531,0.596307494,0.209398594,-0.034277699,0.240398042,0.171558096,-0.622523865,0.68098562,0
451,1,-0.410088789,0.138463914,0.151245138,-1.17941087,-0.757086713,0.917607153,0.438774289,-1.695780473,-0.327366831,0.179467449,-0.690677478,1.543729819,0
452,0,-0.501599001,-1.304706659,-0.522435702,-0.667647353,-0.340942653,0.059355682,0.058626378,0.273543918,-0.613923926,-1.282431269,1.483877778,1.23356679,1
453,1,-0.479573408,-0.085797793,-0.335005176,-0.050735998,-0.383154555,1.444211586,1.529634877,-0.242104697,-1.43079057,-0.23825039,-2.520220757,0.135597206,0
454,1,-0.16352344,0.211166166,-0.394428735,-0.035661366,-0.152104288,1.179692324,-2.17241047,0.510464906,-1.050786984,0.309474662,0.441865461,0.103728651,1
455,0,0.476267822,-0.713197504,0.155696903,0.9618411,0.777657986,-0.527465055,-0.794301768,-1.039501007,-1.149979857,-0.410154752,0.703599743,0.022629275,0
456,1,-0.614166171,-1.081165533,-1.373000913,-0.638025242,-1.11053091,0.354126755,-0.453622601,-1.78101639,-0.544392997,-1.03673227,-0.895975425,1.661882854,1
457,1,-1.250854496,-0.679845054,0.181240697,-0.821414659,0.200241542,0.047018251,0.167813942,0.494921832,1.26403554,1.176015664,1.088864518,0.492447984,0
458,1,-0.34878697,-0.596151793,-0.842558995,-0.518830563,-0.13868705,-0.225323833,-0.159161685,0.130311019,-1.96019571,-1.348849216,0.098716831,-1.226614619,1
459,0,-0.877163885,-2.369603785,-2.95531166,-1.572340861,-1.236027335,1.03072753,1.668011157,-1.049177904,-0.026680764,-0.800777088,-1.630471265,-1.896731435,0
460,1,-0.696323535,-1.851573719,-1.067518174,-1.043612561,-0.924569865,-1.130099758,0.268743113,0.20313456,-1.366430316,0.281650608,-0.01234898,0.271078122,0
461,1,1.050681139,1.293111194,0.980277838,1.2739191,0.231495195,0.237003216,-0.769696341,0.271148871,-0.28041342,0.346413514,-0.102134698,-0.470724215,0
462,0,-1.193623842,-1.331645216,-2.168884036,-1.906793729,-0.472825491,-0.485241744,0.53298687,-0.63558194,-0.848527443,-1.384172284,-0.554252792,-0.956542368,0
463,1,0.606165952,0.483593398,1.055671281,1.707427432,-0.013083013,-0.722248298,0.955297372,-0.362886115,0.011023054,-1.440769024,0.405588138,1.998912895,1
464,0,-0.156392789,0.026054897,0.187585385,-0.53564572,-0.879941031,-0.326089166,-0.699306523,-1.580551352,-1.044983114,-0.762553164,0.181840243,-1.063925285,0
465,1,0.646421638,0.29984996,-0.016083466,0.331873215,0.690397088,2.060834653,0.194292645,0.360188444,1.251104847,1.717035665,1.768436286,-0.345355554,0
466,1,1.887142493,1.528340093,1.312443785,1.462476383,2.067307274,0.429249029,-0.407084521,0.635948996,0.996131334,1.597830142,0.356509248,-0.971843855,1
467,0,-0.223244293,-0.210164801,0.075748385,0.132388638,0.040000481,-0.372984367,0.332465746,-0.629423774,-0.024290046,1.235406737,0.946815269,-1.301038966,0
468,0,1.045074559,0.482973636,0.318514019,0.520160613,-0.215328166,0.550858792,-0.629519748,-0.540265204,-0.685261718,0.397987094,-0.164569826,0.897490466,1
469,0,-1.280830262,1.17147681,-0.920081084,0.086520739,0.214030779,-0.826851547,0.162610928,-0.563574843,-0.34317219,-1.18562409,-0.259548202,1.031680888,1
470,0,-0.066272327,1.287020078,0.700539383,0.288897746,0.190941148,-1.359089578,-0.353056357,0.888601161,-0.45690092,0.698201645,0.606858958,0.909582865,1
471,1,1.2540194,-0.587035205,0.205570101,-0.377087245,0.46997366,-0.161409119,-0.559334777,0.099382403,0.661120305,0.497446535,-0.68883561,-0.821919743,1
472,0,1.677561164,0.688663674,0.330434179,0.946865644,0.64880624,-1.237543045,-0.819756919,-1.499049286,0.685739787,-0.358834677,-0.619741674,0.996177018,1
473,1,2.062348788,1.20674747,1.946305999,1.394533908,1.930136993,0.370486271,1.079865027,0.786217697,1.846627205,-0.048081131,1.448904403,-1.365579719,0
474,1,0.696613168,0.336590579,0.267910062,0.005344648,0.087809152,-0.470204372,-0.172154987,-0.251420841,-0.642089526,0.746998447,-0.010679112,1.663488898,1
475,1,0.01406322,0.314991,0.368220971,0.688455042,0.365641787,0.11400056,1.564640671,1.012202756,2.364943581,1.261577273,1.983601369,-0.058528465,0
476,0,-0.484972181,-0.053269758,-1.066642031,-0.898182174,-0.496214039,-0.476707194,-0.078751398,0.775729363,-0.410833145,-0.34047938,-0.499480856,-1.092298281,0
477,0,-0.88742036,-0.463444823,-0.796024511,-1.187923128,0.2245489,1.450681371,0.790947879,-0.433304414,0.252718299,-0.285052737,-0.128137709,0.062718996,0
478,1,2.06537821,2.102459406,1.821863727,2.048762859,1.626896904,1.435001871,1.41867494,-1.028715896,-0.655523961,-1.40233767,0.244666824,0.67832182,0
479,0,1.393055064,1.081024949,0.835720914,1.13851662,1.759610236,1.149263153,-1.070681383,-0.379297787,-0.062930561,0.265185061,0.545859799,0.639393117,0
480,1,0.993458726,1.555789227,2.020402155,1.413866766,0.593330456,-1.74518253,-0.048506861,1.047920026,-0.25040349,0.28209975,-0.132037781,0.439595125,0
481,0,-2.135247676,-1.719455513,-1.182741178,-1.318700709,-2.269478067,-1.30989229,-1.301904585,-0.062178428,1.321189169,0.241353621,-0.071835158,-0.178964715,0
482,0,0.030345144,-0.451346446,1.031974836,0.98589191,0.985965807,0.425973874,-0.683011546,0.93673449,0.805345945,-0.061464496,0.784723713,-0.056884593,1
483,0,-1.60502959,-1.229331783,-1.079647993,-1.268998154,-1.59894946,0.643835994,-0.805679118,-1.699337448,-0.788971922,-1.692807993,-0.866220163,-1.592662726,1
484,0,-0.36831665,-0.462185657,-0.896143752,-0.358802074,-0.540146797,-0.235988576,-1.36898615,-0.379753635,-0.425099267,1.22897304,-0.4664584,-0.832292419,1
485,1,0.772095729,-0.022273883,0.831281731,-0.03359091,0.258280309,-0.979979988,-0.520464546,-0.82013514,-0.921021133,-1.152727329,-1.689119159,-1.016154613,1
486,1,0.648708208,1.690355247,1.469467691,1.889698067,1.201804483,-0.099937771,-0.442386719,0.545514158,0.235307962,0.594780036,0.584429454,0.822335209,1
487,1,-1.77187516,-1.117622582,-0.136275937,-0.679966681,-0.121763477,0.19221244,0.698859799,0.942178781,0.667593082,0.088005869,-0.466949418,-0.053959789,0
488,1,0.050498152,0.781329174,-0.567377704,0.366111833,0.143144155,0.659527776,0.451672424,-0.050823122,-0.704876183,-0.744415458,-1.151916697,0.442954311,0
489,1,-0.612214383,0.027530974,0.380211596,0.35634722,0.002122478,-0.373213254,-1.026655246,0.071486601,0.814012938,0.400561926,1.09657708,0.45535039,0
490,1,-2.365258922,-1.346854435,-1.220692505,-1.568892381,-2.2244537,-0.60827045,0.339956964,1.587777057,2.910341267,1.48570368,3.040203446,-0.129340656,0
491,0,0.503402261,0.17412248,-0.491276254,0.132049678,0.721622298,-1.411465693,-1.521546232,0.923832034,1.001649215,-0.00389445,0.820498084,1.001212935,1
492,1,0.843099045,-0.162038828,1.202849358,0.5385424,0.007089375,-0.245120445,-1.341050458,-0.986450686,-1.38245108,0.137145913,-0.515587444,2.00131539,0
493,1,-0.638003339,0.397057235,-1.33357303,0.286817575,-0.039138331,0.325767432,2.775727316,2.031538295,1.577682211,2.291496124,0.89405555,-0.884879913,0
494,1,-0.54073153,-1.273782014,-1.52564797,-1.163607156,-1.789420656,1.471527079,1.237867219,0.77925643,-0.228726356,-0.148824738,0.161909667,-0.228333083,1
495,1,1.851502052,0.582480256,1.151877073,0.882018005,1.111022651,-1.197775321,0.812198253,-2.057356898,-0.840284066,-0.0705263,0.132470731,0.540433795,0
496,1,0.838094752,0.897714223,0.062911255,-0.0506958,1.144239844,-0.665719729,0.125464437,0.568093246,-0.178690453,1.21057052,1.136863294,-0.105732105,1
497,1,1.171906287,1.307817492,0.93933612,0.84228405,1.164553212,-0.598454271,0.102022911,-0.785497105,-0.722055004,-0.881859505,-0.650451089,1.14316751,1
498,0,2.372237631,1.640359168,1.859230079,2.506500422,1.35007409,-0.623207106,-1.366009148,0.900850438,0.133348635,-0.101437298,0.688102788,-0.419859508,0
499,1,-0.250091598,0.360627842,0.828766584,0.828559518,0.585182455,0.554505489,1.541436434,-0.864846255,0.880207034,1.120121342,1.023683416,0.707237127,1
500,1,-0.089276579,1.218078664,1.463777185,-0.051291723,0.128303261,0.913157696,-1.775665393,0.713743515,0.181225057,0.596353485,0.669390143,-1.260659531,1
501,0,0.452979358,0.042693286,-0.529468942,-0.573058881,-0.403706954,-0.178020843,-1.293818252,-2.280846207,-1.227429214,-2.530508228,-1.268325611,0.622616476,1
502,0,-1.438660068,-2.040829009,-0.375263333,-1.44328439,-1.280241927,0.145217803,-0.463854196,0.792635628,1.420707308,0.762803917,0.148767629,-2.324130488,1
503,1,0.613723208,0.357657882,0.45942523,0.858196307,0.788569336,0.561986679,0.7517265,1.484800683,-0.335884537,1.021653174,0.112351912,1.165893581,1
504,1,2.389542376,1.94305425,1.142474009,1.89376461,1.456674585,-1.233741201,0.607494543,0.656001384,0.685339182,0.896975912,0.176886651,-0.725603175,1
505,1,1.304080339,-0.662439033,0.301780856,1.141184215,0.829437935,-0.849490919,-1.397587368,1.120518759,-0.356978845,-0.382987351,1.904164125,0.074221573,1
506,1,-0.419552111,0.109654509,0.559230657,0.192949925,0.713068109,-0.484250502,1.420946234,0.376865106,-0.214518055,0.336463311,-0.318798137,1.122162181,1
507,1,-0.11198395,0.108997106,0.132830782,0.80280826,0.317314002,-0.650423196,-0.571587818,0.428205755,0.67337264,1.500025675,1.761737765,-0.320208947,0
508,0,0.326028987,0.865737959,-0.20821272,0.3466448,0.456983664,-1.561712703,-0.497540225,-0.066703243,-0.122846831,-1.239092829,0.563745668,-0.216494954,0
509,1,-0.634813027,-0.569031743,-1.886784086,-0.465158857,-0.610399918,0.810894532,-0.454822389,-0.184585928,-0.872076775,0.241763346,0.615824745,0.150082213,0
510,1,-0.372993263,-0.586637949,0.063185465,-0.308987475,-0.437871017,-0.119426261,0.341885582,0.15599032,-0.107435937,-0.793203342,0.046975829,0.275810465,0
511,1,0.885279085,1.717686863,0.801736476,-0.261857829,0.313515779,-0.547631415,-1.215081981,-0.981133628,-0.402789016,-0.6952795,-0.336510951,0.346074398,1
512,1,0.881178671,0.866335858,1.248211664,0.833276523,0.30218559,-0.349570802,-0.533335194,0.788020389,-0.542907871,-0.023498594,-1.151259147,2.335530209,1
513,1,0.550659554,0.650529288,0.07136011,0.78562059,-0.222438837,0.11079368,1.547687006,0.659514166,-0.529776801,0.194593542,0.349538197,-0.610070982,1
514,0,1.615190296,0.27327394,1.397124966,0.4101803,0.566851303,-1.651776656,-2.320052705,2.110668447,2.654792673,2.124941101,1.377993165,-0.838169344,1
515,0,-0.300269878,-0.565644346,-1.314717784,-0.41963542,-0.456942919,-0.638837206,0.446398671,-2.393212482,-3.030216703,-1.387824585,-1.410515247,-0.440002018,0
516,1,2.244375104,1.239300329,1.628241937,1.047563142,1.450737995,1.880925513,0.303022023,-0.921944225,0.491588843,-1.179430403,0.076128253,0.166152877,1
517,1,-0.894686006,-0.623363287,-0.506746738,-0.476344087,-0.511566348,1.828831702,1.277774641,-1.085072006,-0.230935756,-0.592339378,-0.406655439,0.024038296,1
518,0,-0.979688769,-1.244264127,-2.10236012,-1.483571509,-2.28476342,1.379500177,1.208783768,-1.879811817,-2.119424062,-0.374667062,-2.798791342,0.77768112,0
519,1,1.325377044,1.613311749,1.242690872,2.445397029,1.303884299,0.078152189,0.750209716,0.058071722,-0.346544904,1.273945376,1.103829875,-1.142890292,0
520,1,-0.440634717,-0.514020665,-0.5567048,-1.005118394,-1.542593834,-0.320257423,0.412164255,0.839004033,1.002596464,-0.06550011,0.73464367,-1.063818009,0
521,1,1.559531816,-0.170122691,0.516851268,1.01093647,1.413201004,-0.142889286,0.322416012,-0.769767816,-0.423711629,0.384044793,-0.169387406,-1.30005249,1
522,0,-0.745863566,-0.055753375,-0.570635051,-0.670885427,-0.622092589,0.165533811,-0.249311407,-0.298068687,1.137650153,-0.130675272,-0.284679139,-0.816598229,0
523,0,-1.536179017,-0.305189329,-0.8278553,-1.40622111,-0.43952113,1.176549968,0.326673274,-0.676909462,1.315530152,0.072643414,-0.532735247,-0.757118573,1
524,0,-1.655737893,-1.664137456,-0.491305894,-0.135790794,-0.670364004,1.196713892,-0.028996986,-0.488924806,-0.734224928,-0.715718145,-0.411990516,-0.77974368,0
525,1,0.71850564,0.86135914,-0.132910852,1.831041683,0.60409349,0.934172983,-0.845276759,0.143191579,0.277579568,0.704002002,-0.43055827,-0.324350469,0
526,1,0.131736931,0.684362057,0.994849743,1.251112261,1.573443483,-0.912936133,0.614457768,-1.228051123,1.444607478,1.316249361,1.23523031,-0.206904045,1
527,0,1.048306784,0.622949023,0.982750135,0.008157405,0.143728937,-1.452384562,-0.252461074,-0.255009433,-0.467979122,-0.151275001,0.875688698,1.009378181,1
528,0,-1.309541365,-2.248606687,-2.104697763,-2.998203171,-2.77104605,-0.985794886,0.347236364,1.340653029,0.70366512,-0.521315113,0.206718294,0.445952567,1
529,1,0.96510417,1.348436842,1.613867339,1.836697839,1.307707956,1.670470257,0.273161952,0.85653216,-0.446288653,1.188705973,1.716154454,-0.558638821,1
530,0,2.13500577,1.483828794,2.002923661,1.923830748,1.369690502,-0.131903933,0.123152685,-1.269292833,-0.796334537,-0.282697831,-0.804523602,0.34874987,1
531,1,1.265847657,0.605319163,0.30269532,0.292298178,0.51292904,1.792686395,-0.080570122,1.372626781,0.25721822,-0.249044036,0.670569375,-0.233447048,0
532,1,1.517375516,0.556290338,0.324256349,0.34467191,-0.491953401,0.989138626,0.659134448,-0.884896445,-1.411214061,-1.956468463,-1.080929785,-1.920020194,0
533,1,0.526742467,0.00321953,1.494803462,1.499501335,0.48238542,0.007443913,1.394753295,-0.334449888,0.390997845,0.667857853,-0.832063185,-0.921892144,1
534,0,-1.115853445,0.598512572,0.078897241,-0.581184809,-0.188272531,-0.655449561,-0.626650437,1.580076384,0.901505415,0.995632212,1.125573812,1.675490495,0
535,0,0.630558585,2.229572564,1.22825215,0.93458479,1.387962537,-0.696468313,-1.425916539,0.224600611,-0.301296023,-0.551640102,-1.225362892,1.247279693,1
536,0,0.384739817,0.229638171,0.148481855,0.794658238,0.402169066,0.932326301,0.526908137,-1.059750823,-0.637268157,-0.426881607,0.295249479,-1.381639494,0
537,1,-0.058967358,0.561996934,0.053641306,0.790144618,-0.285709817,1.447210801,2.520575013,1.181842448,1.631189899,0.888053557,0.35947591,0.056017167,1
538,0,-0.840658248,0.531774214,-0.700942984,-0.275414979,-0.360716469,-0.655462832,0.183971579,-2.461120333,-1.068632853,-1.03423409,-1.223087361,-0.065790303,0
539,1,0.323609774,0.459861995,0.982572439,0.703219991,0.421017774,2.122900739,0.692105549,0.167334652,-0.1849434,-1.293902138,-1.246865773,1.458207656,1
540,1,0.195637926,0.689404832,0.120167888,0.612694072,0.538765789,-0.133428072,-1.141100868,0.339090556,-0.14186679,-0.688930421,0.234516265,1.473470036,0
541,1,-0.781846989,-0.931544559,-1.40720872,-0.989868274,-1.273551004,-0.586826824,1.197130561,-0.931707372,-1.181576178,-1.950667759,-2.008037828,0.049015215,0
542,0,-0.514403332,0.030241477,-0.313011499,-0.589573593,-0.262128491,0.653122699,0.325299897,-1.719095527,-0.559410961,-2.011114187,-1.34920722,0.366065505,1
543,0,-0.321033305,-0.16760694,0.302800451,0.931430928,-0.19138158,0.098053339,-0.885858535,-0.579077411,-2.072649562,-1.728718781,-0.729684502,-1.577196409,1
544,0,-1.391935143,-1.141238886,0.241422976,-0.344283148,0.163468797,-1.869367701,-1.664165379,-0.574186756,0.577151695,-0.659142793,-0.511137592,1.237797451,1
545,1,-2.247667693,-2.012182332,-1.697314808,-1.921577725,-1.949916835,-0.210871101,-0.003758276,1.759202803,0.959825921,2.822288506,0.5216493,0.638349837,0
546,1,-0.399766718,-0.023262299,-0.781947471,-0.137503262,-1.015224238,0.130309144,0.341176129,0.176570564,0.295823632,-0.052586942,-0.389280567,-0.41746034,0
547,0,-1.188117383,-1.953694259,-1.885157958,-1.169767462,-2.781075223,0.482789667,0.363323372,1.101499131,1.059253003,0.588667538,0.05247572,-0.004065537,1
548,0,0.997739577,0.307797466,1.394066315,1.212587812,0.511499886,-1.692724721,-2.700880285,-0.0903726,-0.597913384,-1.120439199,0.400036827,-0.18690451,1
549,0,-1.6361666,-1.885065563,-2.586934425,-2.560201181,-2.4399172,0.022927896,-0.340759954,-0.483999347,-0.681810436,-1.004964347,-0.968601014,-0.568525299,0
550,1,0.229785617,0.021997844,0.723046034,-0.763994381,0.132186471,-0.074006971,-1.447498616,0.239263706,1.301721272,-0.799648343,-0.265436995,-0.716132733,1
551,0,-1.040918463,0.191913673,-0.689905113,-1.554397698,-0.232193018,-1.348631572,1.021359221,-0.205239415,0.256454039,0.289148632,-0.035354307,-0.313120158,0
552,1,-0.154325781,-0.199416368,-1.574465982,-1.218189823,-1.1394799,0.269753045,0.563484664,0.975891387,0.313168131,0.29620243,-0.14667465,0.1284798,0
553,1,1.014021712,0.2152504,0.506283094,1.148159885,0.913385449,0.293992673,0.138149798,0.654166835,1.069464064,1.197245291,2.823746072,1.683919979,1
554,1,0.458456174,-0.180757661,1.155122446,0.171547304,0.113865837,-0.331314969,-1.925406359,0.843617802,0.885680047,-1.079456123,1.311482454,-2.856602403,1
555,1,-0.307440209,-1.181027043,-0.88990038,-0.454680852,-0.838091635,-0.665338865,0.569426694,1.23739011,1.735166077,0.637799404,0.824768474,0.531608905,0
556,0,-0.462215301,-1.340587327,-0.604992957,-1.562675916,-0.800188754,-0.390733701,1.50233834,-0.339929642,-0.530193008,-1.613783972,0.525390979,-1.043352906,1
557,1,0.744859187,0.68001126,-0.249521989,-0.227114053,0.216061347,-0.39675814,0.206419478,1.319142351,0.135454741,-0.318659589,-0.690083012,-0.491627651,0
558,1,0.449788112,0.700722173,0.529581489,0.040616859,-0.813441535,0.382889396,1.075051917,0.387764267,0.312810896,-0.094171358,-0.742448926,-1.851500262,0
559,0,-0.643456004,-0.458720294,-0.230658125,-1.391661208,-0.61305939,-0.406115273,0.365223106,1.362716383,2.678504677,0.157983714,2.387091079,-0.069195778,1
560,0,-1.72642481,-1.699678607,-1.135640728,-0.858068957,-1.303750469,2.219609868,1.354377507,-1.14044425,-1.998165732,-1.496644402,-0.43894982,0.058345405,1
561,1,-0.077943211,0.398230268,0.540790169,0.256923471,1.118010692,1.524287363,1.567470446,0.072980653,0.338544504,-1.006443904,-0.014515194,0.117134903,1
562,1,-0.131789704,1.491234322,1.538389198,0.716509768,0.232562176,1.317184541,-0.648274642,0.773895064,-0.686824278,0.489046903,0.52957246,1.500464494,0
563,1,-0.496567276,-0.191776608,0.778571101,-0.674344439,-0.038170594,-1.029026214,0.672599333,-0.510079703,0.172211161,-0.79566658,1.161139349,0.405804398,1
564,1,-0.586055718,0.380430463,-0.835517775,-0.174287781,-0.409470943,-1.199333133,0.853461394,-0.670541092,0.529358818,-0.18861528,-0.130030973,-1.402235249,1
565,0,-0.290615247,-0.006942011,-0.48894642,0.021440933,0.118606828,1.190266165,0.354675192,-0.102367441,-0.126929295,0.373149743,1.793384123,-0.188380333,1
566,0,1.158952732,0.826289469,0.029462565,0.181333631,0.991330479,-1.111319168,-2.462263782,0.048396958,0.809790886,0.929371171,-0.293957286,-0.254434234,0
567,1,-0.106725328,0.915522952,0.143108866,-0.475915774,0.902871776,1.725270338,0.371560742,-1.428573848,-0.715297081,-0.917762883,-1.296008595,1.918119364,1
568,1,2.038126683,1.783908965,2.500205852,1.302989208,2.462977521,0.694041343,1.350998476,-2.012504246,0.531281442,-0.371509532,-0.628207192,1.134420967,0
569,0,-1.699851683,-1.295496125,-1.957712172,-1.354768761,-1.995462687,-1.651167296,-0.686472629,-0.329038911,-1.222034909,-0.306337648,-1.189378377,0.085837725,0
570,0,-0.18914912,0.378112971,-0.47367769,-0.007110233,-0.424483674,-1.568406832,0.015188736,-1.769033252,-1.790950992,-1.568322658,-1.249940936,1.519086501,1
571,1,0.554973819,1.0515471,1.267103437,0.746965987,1.599994213,-0.74444578,2.417741251,0.306381646,1.808924751,2.073865195,0.888772743,-0.279353577,0
572,0,0.782136096,1.426841732,1.412096002,1.592150636,1.222418215,-0.604930598,-1.877886814,-0.997778501,0.301422159,-1.16308573,0.067881839,-1.008593236,1
573,1,1.208179639,0.205478959,0.691891749,1.281815894,1.581628544,1.737772874,-0.611809535,-0.402882074,-0.557418898,-0.00310492,-0.915666273,-0.574423464,0
574,1,-0.347736501,0.411588659,-1.152887744,-1.905191533,-0.642305156,0.162693521,-0.371570304,1.138814626,-1.496183594,-1.151323578,1.226344465,-0.28129708,0
575,1,0.485216086,0.257734484,-0.90640818,-0.071744858,-0.522111703,-0.767358082,-0.521785893,0.768697442,-0.120495886,-1.383723996,-1.180120842,1.859742676,1
576,1,2.025946425,2.438510965,2.926250681,2.406050056,2.593751407,0.579650063,0.153352899,-0.947537264,-1.027579447,-1.777125239,-2.252077346,-1.209567673,0
577,1,2.460771574,1.487549871,1.731065952,1.822334206,1.24567063,-0.819444859,0.841559302,0.088798433,-0.445848418,0.704828506,1.315963702,0.645268313,0
578,1,-0.383549517,-0.123270454,-0.357089238,1.129705946,0.239506193,1.161208546,1.170526175,0.676951032,0.071071878,0.121139995,0.900067771,1.871093275,0
579,0,-1.964578026,-1.596464355,-0.870550078,-1.174462929,-1.116536914,-0.035253022,0.260580035,-0.935856729,0.147886244,-0.289500868,1.465918755,-1.592873526,1
580,1,0.41088036,-0.202234017,-0.276896167,-0.181192032,0.298888242,-0.010722937,-0.489287001,0.065541199,0.096553671,-0.991046032,-0.523206278,-0.027343408,0
581,0,1.532663581,0.450087601,0.645860644,0.434495939,0.607260502,-1.24367736,-1.687255916,-0.265874913,1.106178983,0.010120613,0.196838605,-0.372027405,1
582,0,-1.497369124,-1.565491909,0.015166923,-1.93318233,-0.852670186,0.847422016,-1.451313184,-2.006337117,-2.21275757,-1.086616903,-2.584565724,0.433459093,1
583,0,-0.26140496,0.365814121,0.26558937,-0.056429277,-0.105117767,-0.724314029,-0.13719297,-0.522518956,-0.595756259,0.157811403,-0.526606802,1.08448613,0
584,1,-0.105200194,0.391968477,0.392716088,-0.055493087,0.279871953,-0.358335538,1.346857379,0.975663805,0.748114895,0.119416575,0.307510906,0.635918062,1
585,0,0.558911335,0.82367162,0.360697879,0.33156005,0.357466614,-1.785138413,-0.104139499,-0.860985049,-0.051925007,0.327280754,-0.806432484,0.675804304,1
586,1,0.03738489,-0.781870535,-0.847655583,-1.561742397,-1.34450029,1.204417659,1.517341066,-0.208275842,-0.621937217,-1.12318817,-0.180921784,-0.121617947,0
587,1,0.872196553,-0.570231886,-0.638110902,-1.268299574,-0.533746565,0.35387155,0.370160696,1.640574222,1.136515172,2.405213929,2.653697006,0.394851973,0
588,0,-1.769375952,-1.888323677,-0.990135567,-1.136355868,-1.232840731,-0.450777662,1.109469909,0.265475904,0.470166934,-0.702946132,-1.349150762,1.014383792,0
589,0,-0.269231714,-1.183870011,-0.994257138,-0.725130302,-0.198815952,-0.46733867,1.102682201,-0.540838178,-0.445676988,0.180111306,-1.443782197,-0.221485726,0
590,1,-0.236817941,0.616464654,0.248322502,-0.37000941,0.038520356,-2.014796602,-0.434250599,-0.318929988,-0.194774498,-0.074745072,-1.275163658,-1.406458514,0
591,1,-0.340101173,0.655649046,0.316339558,0.865580697,0.023108071,0.777758403,-0.267936669,-0.89739587,-0.534421583,-0.590394249,-0.929496317,-1.824491714,0
592,1,0.721287732,0.830669586,1.096830627,0.219697511,0.333753459,-1.656738357,0.802274029,-0.73777455,-0.370275606,-0.112498311,-0.384106577,-0.288727561,0
593,1,0.274363218,0.439941084,0.611265265,0.269744716,0.395777954,1.546140874,0.166975552,-1.531521755,-1.390450613,-1.206566371,-0.435845781,0.168101668,1
594,1,0.977728062,0.443854229,0.534515315,0.740393849,0.480809577,1.077396309,-1.034253498,0.684755671,0.269517331,1.915509665,0.686472069,-1.245596242,1
595,1,-0.050190199,-0.635286479,-0.640186134,-0.204661767,0.240744858,1.194975901,-0.841946137,0.362517355,1.031054026,0.294446236,1.095428612,0.247202613,0
596,0,0.432587532,-0.331040051,-0.626424031,0.773406164,0.058273533,0.931915664,-1.486947057,-1.982521407,0.871547478,-0.849049034,-0.075376887,-1.729590327,1
597,0,-1.283630641,0.29085053,-0.82457869,-0.247432967,-0.471412738,0.637171136,1.228365788,-1.586651335,-1.324413514,-0.141157031,-1.148240081,2.087970379,1
598,1,0.623702781,0.776173167,0.150117496,0.400183576,0.433655337,0.518723987,-0.691188827,-1.291604494,-1.051049388,0.275133096,-0.453406119,-2.040990826,1
599,1,0.115607864,-0.383478957,0.356249884,-1.30358215,-0.556478384,0.470281162,0.472762277,1.701007304,1.308106447,1.171441798,0.64876175,-0.094954775,0
600,0,-2.026800197,-0.594130328,-1.485961146,-1.430491161,-1.347851705,-1.678302979,-0.816901103,0.426795602,0.318330901,1.190358348,-0.123665126,-1.423308369,1